2022-01-19 08:49:55,txtdrsalman,kesehatan mental nomor 1.
2022-01-19 08:34:30,naokitoshiro,"Dari pada emosi gajelasnya berkepanjangan, mending ntr malam nonton twitch sya main game horror...harini ga main valorant karna kondisi mental kesehatan saya lebih penting ğŸ™https://t.co/8MuTpCJyc8"
2022-01-19 08:33:48,napacidav,"Harus sering positive thingking dan bodo amat demi ketenangan hidup, dan jaga kesehatan mental."
2022-01-19 08:32:02,rupbasanpwt,dharma wanita Rupbasan Purwokerto ikuti Webinar dengan tema â€œPeran Ibu Dalam Peningkatan Kesehatan Mental Keluarga di Masa Pandemi Covid-19â€. Selasa (19/01/2022)kegiatan ini berlangsung di aula Lembaga Pemasyarakatan Purwokerto bertepatan dengan Peringatan HUT PIPAS Ke-18 https://t.co/oflKJsMiYY
2022-01-19 08:29:54,AkuAynii,"@Askrlfess Nder, saranku mending kamu jgn cinta2an dulu. Nikmati waktu sendiri, cari hal2 yang bikin kamu senang. Gpp temen2 yg lain udh pd punya pasangan. Kesehatan mental kamu lebih penting drpd berlomba-lomba cinta2an."
2022-01-19 08:26:17,aidiel_r,@cxffeemilktea @farispratamaa betuuuulllllberdasarkan research yang kami lakukan mending di patokin budget buat jajannya di awal caaa.. kesehatan mental itu penting wkwk
2022-01-19 08:25:41,rsimanuddin,"[KESEHATAN MENTAL]Kesehatan mental merupakan hal yang tidak boleh diabaikan dan harus dipelihara sebaik mungkin. .Untuk mengetahui lebih jauh mengenai kesehatan mental, yuk simak penjelasannya! https://t.co/o4wqGHDoNh"
2022-01-19 08:15:39,akupuspehh,"@JeromePolin Akhirnya semua kembali ke diri sendiri, mau liat yg mana, mau ambil sisi yg mana. Kalau sekiranya bikin stres &amp; overthinking bekepanjangan ya tinggalkan, jgn dipertahankan. Harus pandei pilah pilih sesuatu yg baik demi kesehatan mental sendiri. Ga mudah, tp kita punya pilihan."
2022-01-19 08:14:17,nyangnyangan,@blvckitten Turut berduka cita atas kesehatan mental kamuğŸ™
2022-01-19 08:00:04,shawcast_sha,"Menurut Ervian, banyak loh cara didik orang tua di Indonesia yang seharusnya bisa dikembangkan lagi, agar nantinya tidak berdampak buruk untuk kesehatan mental sang anak."
2022-01-19 07:49:06,heynhere,Nah inilah pentingnya bunda membatasi diri dari hal yang menyakiti diri sendiri. Salah satunya dengan non aktif sosial media yang impact negatifnya gede banget buat kesehatan mental. https://t.co/UlWrP0rphT
2022-01-19 07:41:49,wordtoinfinity_,"@Jokitugsfess Hollaaa, kebetulan ku pernah kerja untuk isi artikel tentang kesehatan mental. Sini ngobrol dulu, harga mulai dari 25.000/halaman. Harga bisa nego, free revisi, pengerjaan cepat, dan berkredibilitas.https://t.co/xgH2nfR7v6"
2022-01-19 07:30:04,cnbcindonesia,"Moon Knight, Series Marvel yang Angkat Isu Kesehatan Mental https://t.co/jJ6rII1Lj0"
2022-01-19 07:27:33,mikazukiagus_,@bigbehemoth Langsung diputuskan tidak bersalah dan diijinkan pulang dgn full senyum karena alasan kesehatan mental yg kurang kebak
2022-01-19 07:22:44,bennywidyo,"Padahal pengen vakum dulu di awal tahun ini demi kesehatan mental ya, hahaha @diahrizki_ @atulatit"
2022-01-19 07:14:33,rayvickyaz,Gua berharap in the near future perusahaan selain nanggung asuransi jiwa nanggung juga kesehatan mental.
2022-01-19 07:12:33,KabarBanten72,"13 Cara Meningkatkan Kesehatan Mental, Salah Satunya Memijat Punggung https://t.co/YJHnDUu3Oo"
2022-01-19 06:47:45,KotabaruLapas,"Kotabaru â€“ Dharma Wanita Persatuan Lembaga Pemasyarakatan Kelas IIA Kotabaru di bawah arahan Ny. Elia Yembise mengikuti webinar dengan tema â€œPeran Ibu dalam peningkatan Kesehatan mental keluarga di masa pandemi covid-19, Selasa, (18/1/2022). https://t.co/yPOQbb8wba"
2022-01-19 06:45:33,dearwynrina,@byutipulwinter jangan diulangi yaa dek ipul ğŸ¥²ğŸ¥² tidack baik utk kesehatan mental siang2
2022-01-19 06:45:15,PingkyLiza,"@worksfess Kalau kamu anggap kesehatan raga, jiwa, pikiran, hati &amp; mental jauh lebih penting daripada pendapatan &amp; karir. Pilih A.Kalau karir yg dikejar &amp; gak perlu hari libur &amp; usaha sampingan pilih B. Good luck."
2022-01-19 06:45:00,newsmerahputih,Tidur terlalu lama bisa memberi banyak kerugian bagi kesehatan fisik dan mental?#merahputihcom #tidur #kesehatan https://t.co/QohivzndUQ
2022-01-19 06:43:10,KotabaruLapas,"Kotabaru â€“ Dharma Wanita Persatuan Lembaga Pemasyarakatan Kelas IIA Kotabaru di bawah arahan Ny. Elia Yembise mengikuti webinar dengan tema â€œPeran Ibu dalam peningkatan Kesehatan mental keluarga di masa pandemi covid-19, Selasa, (18/1/2022). https://t.co/anyaFtsp4Y"
2022-01-19 06:26:23,Habits08,"@worksfess A sih nder, kesehatan mental nomer satu"
2022-01-19 06:23:40,berpendaran,@worksfess A sih nder. Kesehatan mental nomer 1. Toh kalo ditambah sampingan bisa sama aja kan gajinya?
2022-01-19 05:57:58,Kanwil_Bali,"SAMBUT HUT KE 18, PIPAS BALI IKUTI WEBINAR BERTEMAKAN PERAN IBU DALAM PENINGKATAN KESEHATAN MENTAL KELUARGA DI MASA PANDEMIhttps://t.co/UYkhFyyc6T https://t.co/geWSARyIO1"
2022-01-19 05:50:25,higghhboy,jadi diri sendiri tanpa harus ingin diakui oranglain akan lebih baik untuk kesehatan mental.
2022-01-19 05:46:21,zahrarankh,"Dan kalau milih pilihan 2, pasti hal itu memberatkan banyak pihak Trus psikolognya bilang"" Bahkan, kamu aja ga sayang sm kesehatan mental kamu sendiri dan membiarkan orang lain menguasai dan egois memerintahkan kamu?dan akhirnya kamu menjadi korban dari keinginan orang?"
2022-01-19 05:45:20,Nandagustini_,"Pingin tetap dikasih kesehatan baik fisik maupun mental, pingin cepet denger kata lulus kuliah dan mengisi hari dengan fokus cari kerja.. Pingin liat ibu mantep di rumah dan gak kerja lagi. Harapan dibulan januari ini... Aamiin ya allah"
2022-01-19 05:42:12,mommiesdaily,"Nantikan 2 HARI LAGI, Mommies Daily Power Hour Vol. 2! #MDPHVol2Siapkan diri Mommies di tanggal 21-22-23 Januari 2022 untuk talkshow dan diskusi langsung tentang kesehatan mental, keuangan, sex and relationship, langsung bersama pakarnya!ğŸ˜ğŸ’– https://t.co/7rbIlpVOgy"
2022-01-19 05:39:53,RistaFuji,"@Sam228z @S_GraciaJKT48 Wkwk bener kan, di luar jam kerja harus maksimal senang2 demi kesehatan mental ğŸ˜"
2022-01-19 05:38:57,aparatur_spill,"Analoginya gini, lo ga elok kalau bilang orang lain kurang berusaha hanya karena hasilnya lo anggap kurang. Tapi ya boleh kalau lo menganggap diri lo usahanya kurang maksimal sehingga memotivasi lo berbuat lebih. Tentu dengan memerhatikan kesehatan mental lo."
2022-01-19 05:38:56,ikhsabc,@itsmehappy___ yg produktif dulu ga si? tapi liburan juga perlu untuk kesehatan mental
2022-01-19 05:36:19,AgungAdtya8,"Tujuan sukses diusia 20-an keatas, bukan hanya soal mapan dan bersinar. Tapi lebih jauh dari itu, ketenangan batin, kewarasan mental dan kesehatan raga itu jauh lebih penting daripada semua yang kamu tuju dikalimat awal."
2022-01-19 05:31:39,Adetrykusuma23,@ManUtd_ID Demi kesehatan mental..Saya akan tidur saja.
2022-01-19 05:25:55,yaudaiyaaa_,Emangsi kesehatan mental lebih baik drpd gaji. Tpikan tetep ajah gw butuh gaji
2022-01-19 05:20:35,my_aqua,Mereka berniat menjatuhkanku bahkan dgn kuasa gelap mereka beraksi.Kesehatan tergerus..kestabilan mental pun menyusut.Andalanku hanya berdoa kepada Tuhan
2022-01-19 05:13:24,farispratamaa,@cxffeemilktea hahaha kayak @aidiel_r akhir nya ga pernah ngitung lagi demi menjaga kesehatan mental ğŸ˜Œ
2022-01-19 05:05:01,dianmrts,apanih tbtb jd penasehat kesehatan mental org-_- sotoy bgt emng
2022-01-19 04:57:00,peanutbutterxc,"@adityajuliannn justru yg nyata malah suka nyakitin, makanya lebih milih ayang yg ga nyata aja demi kesehatan hati dan mental walaupun kadang diobrak abrik jgğŸ™‚"
2022-01-19 04:51:18,Ashrof88,"@tukangngetok @KangCilokNyasar @StopPlandemit @Martjelou @darakasiwi @machista_x @ProfesorZubairi Gw baru nemuin akun paling gokil dari sekian banyak WHO Lover's , yaitu loe !!! ""Tinggi diri""( Narsistik ), indikasi2 ""Personality disorder"" keknya , tes kesehatan mental dulu gih ?"
2022-01-19 04:50:14,asteroid621,"@kdrama_menfess Mad for each other ndeerrJarang dibahas tp bagus sih temanya kesehatan mentalJadi 2 tokoh utamanya tetangga yg musuhan gtu, mereka berusaha untuk saling menghindar tp ternyata 1 psikiater, malah jd sering ketemu pas jadwal konsul."
2022-01-19 04:41:58,Hanakim121,"Si bos mulai merayu biar aku stay di sini, yaa kalau mau naikin gajiku lebih besar wkwkwkwkTp aku ttp memilih keluar lebih penting sama kesehatan mental.. bukan apa"" sich cmn pngen suasana baru dan move on aja mknya pngen pindah"
2022-01-19 04:36:24,Luhprimasari1,kesehatan mental lebih pentingğŸ˜
2022-01-19 04:35:27,gtwsaiasiapa,"@ruangbaper_id Tahun ini masuk usia 23 dan mulai ngrasain ini. Temen yg biasanya ngajak main kalo ada waktu senggang, skrng jarang ngajak krn fokus pernikahan dia tahun ini, temen yg lain jg mulai fokus ke apa yg udah mereka mulai.Semoga tahun ini masih diberi kesehatan fisik dan mental. Amin."
2022-01-19 04:22:16,ruddndale,Demi kesehatan mental https://t.co/dM8z7whi8e
2022-01-19 04:22:12,taekth_v,"@convomf Gak boleh tidur abis asar ,gak boleh tidur sebelum isya ,gak boleh tidur setelah solat subuh , itulah mengapa gak boleh soalnya Allah tau apa yang gak baik buat kesehatan kamu sama mental kamu, beresiko gila /cepet pikun klo bobo abis asar"
2022-01-19 04:17:30,Farhan_domingo,"Mengamankan kesehatan mental dengan bermain solo di lolwr, emel hanyalah game tongkrongan yang gitu-gitu aeğŸ—¿"
2022-01-19 04:16:27,metachromatica,"sayang bgt sama orang-orang cabang sini, bener bener dari kepala cabang sampe satpamnya baik baik banget. alhamdulillaah bgt dapet lingkungan kerja yang positif gini, ga bikin kesehatan mental drop ğŸ¥º"
2022-01-19 04:15:06,yupyourbaee,"@HeyBudie gabisa gua, demi kesehatan dan mental saya hapus chat lamanya:)"
2022-01-19 04:01:48,hidupitupercuma,"Selama lu masih buruh, budak korporat, digaji orang maka kesehatan mental lu bakal kagak penting bagi perusahaan atau orang yg mengupah lu. Sekarang elu keluar dari tempat toxic itu, besok udah ada orang baru yg gantikan elu, dan terus lu mati perlahan."
2022-01-19 04:01:31,NaySulthanRaja,"Tahukah Sobat kalau memiliki HOBI itu sangat penting loh!! Melakukan aktivitas yang disenangi atau hobi akan meningkatkan semangat dan kesehatan mental kamu loh!!Nah, kamu tim yang masih bingung ditanya hobinya apa?#AktivitasTanpaBatas #InternetnyaIndonesia #IndiHome #Hobi https://t.co/rTbsG5IOcg"
2022-01-19 03:59:48,canessaxoxo,Kalau emang anxiety disordee yaudah fokus dulu sm kesehatan mental lu. Kan emang tujuan lu buat kestabilan mental kan?? Heran deh
2022-01-19 03:57:07,kuasakatacom,Mengapa Kesehatan Mental Penting? (1) https://t.co/8bhi2eXvvW
2022-01-19 03:53:44,hermosavida03,kesehatan mental kaya sembuh setiap dengerin opening drama our beloved summer sampe ga pernah skip
2022-01-19 03:47:01,resukmana,"@Indrasaaa @PorosHalangID @ManUtd Demi menjaga kesehatan mental, nonton Highlight aja"
2022-01-19 03:44:05,novitasilviaaaa,"Udah ngerasa capek berada di toxic relationship, sama sekali ga didukung. Tak peduli seberapa besar rasa cinta mungkin jauh lebih baik jika tidak bersama karna dimana-mana kesehatan mental lebih penting."
2022-01-19 03:43:37,meesantrophy,"@Filoliaaa kenapa kak di jual akunnya?? semoga cepet laku ya kakk, moga dikasih kesehatan mental dan fisikjuga kitanya. sama rejekinya di lancarin, dikasih kebahagiaan setiap hari. moodnya juga terjagaaa"
2022-01-19 03:42:42,Helloi_mdora,"@kuahbasso Tapi Tanpa disadari kesehatan mental mu tergantung pada kasihsayang yg diberikan oleh teman, keluarga, dan pasangan mu"
2022-01-19 03:35:10,ayonimaaaaa,"@_amels_ Jangan ditonton, demi kesehatan mental dan fisik ğŸ™"
2022-01-19 03:30:02,Genpi_Co,Anggota Komisi X DPR Ledia Hanifah menegaskan kesehatan mental para siswa selama pembelajaran dalam masa pandemi covid-19 harus diperhatikan. #kesehatanmentalsiswa https://t.co/valBnYJk4n
2022-01-19 03:27:24,sedihaingmah,@marrd55 Wkwkwk muhun jamu kesehatan mental
2022-01-19 03:23:41,arumingosong,"@animefess_ manganya bagus banget, tapi ga baik buat kesehatan mental WKWKWWKWKKWK"
2022-01-19 03:16:00,winov86,"@vlakooth dibawah ini adalah contoh manusia kepedean.. mohon jangan di contoh yaaaa yorobun, gak baik bagi kesehatan mental krn keinginan untuk pites nih lalat satu sangat besar sekali https://t.co/b5jrjFwRvG"
2022-01-19 03:14:08,watersign_,rehat dri sosmed demi kesehatan mental wkwkw
2022-01-19 03:06:05,msmunir19,@firdass Yoi tempat kerja baru demi kesehatan mental hahaMakasih firdpantat
2022-01-19 03:01:51,keahieey,"selain istirahat yang cukup, keadaan rumah yang harmonis juga baik untuk kesehatan mental"
2022-01-19 03:00:03,Fadhillah1198,"@convomfs udah capek,udah bosen,udah muak. Gkpp,demi kesehatan mental"
2022-01-19 02:43:54,_gladhys,"Kayaknya kita butuh hangout lebih banyak, saya percaya nih sama pemikiran Anda tentang keperempuanan dan kesehatan mental, yuk kapan"
2022-01-19 02:36:18,deviamandaar,Cuti untuk kesehatan mental ğŸ˜Œ
2022-01-19 02:31:00,stfuggle,"edisi galau join mbkm apa ngga. tadinya mau take kesehatan mental atau psikologi anak, tapi di siak ngga ada euy mager urus kalo ngga ada tuh.."
2022-01-19 02:27:59,refly_ilham,@DesignRant2 @taktekbum jir diedit sama si om wkwkwkdemi kesehatan mental ya om
2022-01-19 02:22:51,ssajangniim,@Bimabem1 Demi kesehatan mental anda
2022-01-19 02:15:50,Indrasaaa,@PorosHalangID @ManUtd bener minpor..kesehatan batin dan mental lebih penting..
2022-01-19 02:14:07,ajiajiajiajiji,"@itsme__ell @HarimauSo3matra @dabelchisburger Gausah percaya omongan anak arsi soal kesehatan jiwa dan mental, percaya omonganku."
2022-01-19 02:11:37,angeliawinataaa,"Dipaksa buat ngelepasin demi kesehatan mental, tapi ujung ujung nya gue yg nangis mulu kaya orang gila:"")"
2022-01-19 02:07:00,Vrynnix,Solo ranked memang melatih kesehatan mental
2022-01-19 02:01:23,Caaguur,@luluvaniaaa Gapapa buat kesehatan mental
2022-01-19 01:56:50,ladlaad,Kesehatan mental harus dipelihara dengan akal
2022-01-19 01:55:42,sibakiakungu,"Demi kesehatan mental, hari ini libur aja dulu deh. Macetnya ga keruan gara gara sisaan banjir ğŸ˜£"
2022-01-19 01:22:51,vbw2130,@leminare Aahh makasi banyak denting infonya udah ada mulai perubahan yah mulai bertahap.. iya klo ga semua kelompok ga dikasi begini akan terulang lagi padahal ya itu kena dampaknya ke kesehatan mental dan fisik juga nantinya. Thanks for sharing this yahh ğŸ¤—ğŸ¤—
2022-01-19 01:21:16,andriandinoraa,@almhndra__ Tetap jaga kesehatan mental
2022-01-19 01:17:03,katakinidotcom,Lonjakan Gangguan Kesehatan Mental Akibat Isolasi selama Pandemi https://t.co/VcbkPfaBDb
2022-01-19 01:16:43,hellosund,alay demi kesehatan mental diri sendiri
2022-01-19 01:09:22,praIIax,"Demi kesehatan mental, wr adalah bonus. Yg penting main aja dah. Ngejer wr tambah stress awokwaowk"
2022-01-19 01:07:16,VaradilaSpp,butuh bahagia untuk kesehatan mental
2022-01-19 01:04:03,leeesa__,@worksfess 2 lah klo kerjaan udah toxic mah ngpn di pertahanin nder kesehatan mental kmu lebih penting
2022-01-19 01:01:48,httpidrl,"@tanyakanrl yg miskin ya kelabakan, ngurusin mental ngurusin perut. boro boro terpenuhi fasilitas penunjang keberhasilannya dia, mau makan aja susah. tekanan lebih besar, apalagi yg punya tanggungan selain dirinya sendiri. urusan makan, tempat tinggal, pendidikan, kesehatan, semua nya sulit."
2022-01-19 00:50:34,kaintaplak,"konsep rezeki gak melulu duit mbak ğŸ˜ada hal lain, contohnya kesehatan mental itu juga rezekikatanya kan yg open bo rerata pada broken home atau mental issue, nah itu mungkin juga rezeki yg terhambatsiapa yg tau ğŸ˜ https://t.co/BLsoGtg6nv"
2022-01-19 00:19:26,republikaonline,Ibu hamil mengalami peningkatan tekanan kesehatan mental selama pandemi Covid-19. https://t.co/xv8wxkDbXG
2022-01-19 00:18:45,abracadabrellaa,Penyesalan terbesarku seumur hidup punya anak disaat mentalku lagi hancur2nya. Dan itu kesalahan terbesarku. Why pada saat itu ga ada info org ilmu di tik tok or kerabat yg warning akan kesehatan mental ğŸ¥²ğŸ’” sekarang bersykurlah banyak sekali info2 kesehatan mental betebaran..
2022-01-19 00:08:13,ptr99_99,"Karena rezeki ga selalu melulu masalah duit. Ketentraman hati, kesehatan mental dst termasuk jhva rezeki. Ga ada yg tau dia seberat apa jalanin sikon itu https://t.co/sePNn3yCzA"
2022-01-18 23:58:30,DanangHanggika,"@ourprettystuffs Semoga pejabat di Papua dan Papua Barat selalu diberikan kesehatan lahir, batin dan mental utk komitmen membangun tanah Papua sesuai sumpah jabatan"
2022-01-18 23:55:39,joshuaadipp,"karna kesehatan mental mempengaruhi cara berpikir,cara merasakan, dan cara memutuskan suatu tindakan yang pada akhirnya mempengaruhi keadaan kita."
2022-01-18 23:55:39,joshuaadipp,"jangan berpikir bahwa dokter ga penting, dokter juga penting, kita gabisa nyembuhin tulang yg patah pake â€œpemikiran positifâ€. jadi kalo kalian sakit â€œfisikâ€ kemungkinan berasal dari kondisi kejiwaan kalian. tetep jaga kesehatan mental kalian ya,"
2022-01-18 23:55:38,joshuaadipp,"jadi aku saranin kalian, kalo sakit terus terusan, coba perbaikin kesehatan mental kalian dulu sebelum ke dokter, karna kesehatan mental obatnya bukan â€œobat2an dokterâ€ tapi lebih ke perilaku dan penyelesaian masalah sehari hari serta cara berpikir yang benar."
2022-01-18 23:55:38,joshuaadipp,"aku barusan belajar, ternyata kesehatan mental itu lebih penting drpd kesehatan fisik. mental yg terbeban membuat fisik jadi lemah. jadi sebenernya kalo kita sering sakit (imun tubuh melemah) mungkin karna kita ngehadepin masalah yg berat, yg membuat kondisi mental kita terganggu"
2022-01-18 23:55:32,mudabahagiacom,"Ramalan Zodiak Taurus 19 Januari 2022, Jangan Sampai Perlakuan Buruk Orang Dekat Pengaruhi Kesehatan MentalSelengkapnya klik link berikut â¬‡ï¸https://t.co/a3TAbuRqpx"
2022-01-18 23:42:18,TiTa33055006,"@shflykjjz_ Gak usah ditonton kalo gitu, demi menjaga kesehatan mental,, akupun begitu ğŸ˜"
2022-01-18 22:58:46,malibun19hts,"@diethingy intinya pola makan yg sehat + olahraga + pola pikir. kesehatan mental adalah kesehatan yg sebenarnya. percuma berat badan turun tapi tubuh ga sehat, mental terganggu. jalanin aja 3 ini pelan pelan, kamu bakal jatuh cinta sejatuh sejatuhnya pada diri kamu nanti. semangat"
2022-01-18 22:57:26,yoonkiimin_,"Jaga kesehatan kalian yaa, banyakin minum air mineral, makan yang bergizi, pakai masker.Perdulikan kesehatan mental kalian juga yaa ğŸ’œğŸ¥°"
