main main xiaomi siap hp baru akan luncur tahun mulai redmi k redmi note intip bocor sini,Netral
main main xiaomi siap hp baru akan luncur tahun mulai redmi k redmi note intip bocor sini,Netral
tkdn xiaomi redmi note s ungkap bakal segera masuk indonesia,Netral
fess tunggu xiaomi redmi note nu ayeuna mun hayang mah redmi note nu ram na gb memory na gb hargana jt gantung juta teh juta pas juta leuwih sing jelas lahh,Positif
makanya beli xiaomi bang jt nambah dikit udah redmi note s pro barang mulus no minus minat inbox,Positif
xiaomi kabar bakal luncur seri redmi note pasar global perangkat jadwal luncur rabu besok,Positif
hari mulai jam wib promo flash sale redmibook versi gb lazada mulai rp kamu dapat notebook fitur komplit akan tunjang segala produktivitas langsung aja dapat sini,Netral
haters lebih murah banget banget desa uang mana dapet hp xiaomi redmi t,Positif
resolusi tahun ken punya asuransi jiwa min tentu lebih produktif lebih sehat aamiin btw hp skrg aku pke xiaomi redmi jg hasil foto makanya kalau dapet skrg mau buat adik newyearnewmi,Netral
aku pake xiaomi redmi note suka banget tampil hp nya baterai tahan lama kalo charger cepet banget simpan besar lagi kalo tambah memori jaring udah g kamera bagus aku jarang foto minus cari,Netral
buru stok menipisbeli xiaomi t gb gratis redmi buds,Netral
aku dulu pakai xiaomi redmi udah sejak pertama kali rilis,Positif
xiaomi redmi t baterai mah ram gb,Netral
pake hape xiaomi redmi gak jadi tdi sore aku hbis instal baru sistem tpi hbis wifi bluetooth sm hotspot gbisa nyalain tuh ya solusi gimana plissss klo menfess lewat yg tau bantu jawab yaa,Netral
jaman dulu kalaaa pake xiaomi redmi,Positif
oppo a cantik banget waktu foto ambil gambar tepat waktu maghrib apasih gue xiaomi redmi a luna g,Netral
resolusi tahun moga upgrade xiaomi redmi s udah tahun dipake ke xiaomi redmi aamiin newyearnewmi,Netral
tulis buku di zoom hp nya xiaomi redmi note pro,Netral
jual xiaomi redmi ra harga rp dapat shopee sekarang shopeeid,Netral
yg hapenya xiaomi redmi gak aku mau tanya,Netral
xiaomi redmi note pro redmi note s harga juta kalau uang juta ambil redmi note pro worth it lah,Netral
xiaomi redmi pas nungguin temen lagi ngambil dompet kelas,Netral
tahun moga sampai punya xiaomi redmi paling mahal newyearnewmi,Netral
cek casing softcase square edge xiaomi redmi a x note a a harga rp dapat shopee sekarang,Netral
tahan dgn xiaomi redmi a beri orang tua lama bisa saling tukar kabar googling bagi no problem,Netral
xiaomi redmi note a heueheuehu blur gtu ksall,Netral
intip bocor spesifikasi xiaomi redmi note s akan segera masuk indonesia via,Netral
redmi xiaomi sama kan wkwkwk,Positif
pake xiaomi redmi a dar tahun alhamdulillah awet sampe sekarang walaupun bolak balik hapusin cache berkas berkas tidak penting,Netral
satu masa dulu bila cakap pakai phone redmi xiaomi macam pelik sangat je walhal phone performance baik kalau nak banding phone android lain,Positif
beberapa orang kadang tahan hape lawas meski hape baru terus muncul kalian yang kayak gin terminalmojok,Netral
xiaomi redmi note pro emang asli nya se merah sunset nya,Netral
xiaomi redmi moga ada temen rl ku lihat,Netral
temu xiaomi redmi note s nfc gb gb gb gb garansi resmi xiaomi indonesia potong rp rp dapat segera shopee shopeeid,Netral
oke save adit hp xiaomi redmi note pro beli ram gb mulus no minus minat dm,Netral
ken punya asuransi jiwa min lebih produktif lebih sehat aamiin btw hp skrg aku pke xiaomi redmi jg kalau dapet skrg mau buat adik newyearnewmi,Netral
resolusi tahun ken punya asuransi jiwa min tentu lebih produktif lebih sehat aamiin btw hp skrg aku pke xiaomi redmi jg hasil foto makanya kalau dapet skrg mau buat adik newyearnewmi,Netral
intip bocor spesifikasi xiaomi redmi note s akan segera masuk indonesia lewat,Netral
resolusi tahun punya laptop baru pada editing punya handphone baru kuat editing kamera cukup untuk potret sekarang cuma pakai xiaomi redmi a bisa raya ulang tahun manado newyearnewmi,Positif
tahun segitu pertama kali tau kalo smartphone merk infinix meizu sama xiaomi beli hp xiaomi study tour cuma buang duit k sisa buat tt hp galyoung redmi s sekarang nyesel ga punya kenang kenang bal,Netral
resolusi moga yang cita cita capai moga tahun baru buka semangat baru lebih baik tahun belum pas sekali kemarin hp xiaomi redmi note ku rusak huhu moga kali bisa dapet mana udah fonis ganti semua huhu newyearnewmi,Positif
ken lebih kembang sekarang ken keluar dari zona nyaman sesuai hestag bisa mungkin mau ganti hp redmi note yg lcdnya udh tengah item xiaomi lain pas ulang tahun newyearnewmi,Netral
iya hp aku cuma xiaomi redmi note udah jadul banget gak si kemaren kemaren mau ganti batre service center nya aja gak semua batre tipe hp ku udah coba beberapa service center malu ngapain kan gaya sesuai isi dompet,Netral
redmi note s vivo ys oppo reno samsung galaxy a g realme xiaomi redmi note pro poco f samsung galaxy a banyak sih,Positif
gue jg tahan make xiaomi redmi note beli thn wkwkwk,Netral
gue make hp xiaomi redmi gb ram gb,Netral
soal temenku wa nya sering blokir iklan sering masuk utama iklan tarot ganti email nomer reset pabrik tetep aja dia bukan redmi xiaomi jadi kayak hpnya imeinya tembak,Netral
hp mu xiaomi redmi kalo iya emang gitu nder bawa cara settingnya coba liat youtube ajaa aku lupa,Netral
bantu jawab nder xiaomi redmi note atur aplikasi kelola aplikasi cari whatsapp guna data lihat apl trus non aktif kan semua,Positif
