2022-02-06 14:02:00,hkdycblsxdktmew,@monxesha xiaomi mmg tahan sbb i pernah pakai sgt tahan lasak yee. kalau nk try pakai vivo dipersilakan hehe i dh guna setahun and okay,xiaomi mmg tahan sbb  pernah pakai sgt tahan lasak yee kalau nk try pakai vivo dipersilakan hehe  dh guna setahun and okay,xiaomi mmg tahan sbb  pernah pakai sgt tahan lasak yee kalau nk try pakai vivo dipersilakan hehe  dh guna setahun and okay,xiaomi memang tahan sebab pernah pakai sangat tahan lasak ya kalau nk try pakai vivo dipersilakan hehe deh guna setahun and okay,"['xiaomi', 'memang', 'tahan', 'sebab', 'pernah', 'pakai', 'sangat', 'tahan', 'lasak', 'ya', 'kalau', 'nk', 'try', 'pakai', 'vivo', 'dipersilakan', 'hehe', 'deh', 'guna', 'setahun', 'and', 'okay']","['xiaomi', 'mmg', 'tahan', 'sbb', 'pernah', 'pakai', 'sgt', 'tahan', 'lasak', 'yee', 'kalau', 'nk', 'try', 'pakai', 'vivo', 'dipersilakan', 'dh', 'setahun', 'and', 'okay']",xiaomi mmg tahan sbb pernah pakai sgt tahan lasak yee kalau nk try pakai vivo sila dh tahun and okay
2022-02-06 13:53:26,sugusdailytwt,"dulu pernah download dan buka michat, aing kira eta forum pengguna xiaomi anying. soalna baheula hp rusak trus mo nanya2. trus kek wow xiaomi mantap juga bisa bikin aplikasi buat forum penggunanya.ternyata eh ternyata......",dulu pernah download dan buka michat aing kira eta forum pengguna xiaomi anying soalna baheula hp rusak trus mo nanya trus kek wow xiaomi mantap juga bisa bikin aplikasi buat forum penggunanya ternyata eh ternyata,dulu pernah download dan buka michat aing kira eta forum pengguna xiaomi anying soalna baheula hp rusak trus mo nanya trus kek wow xiaomi mantap juga bisa bikin aplikasi buat forum penggunanya ternyata eh ternyata,dulu pernah download dan buka michat aing kira eta forum pengguna xiaomi anying soalna baheula hp rusak terus mau tanya terus kayak wow xiaomi mantap juga bisa bikin aplikasi buat forum penggunanya ternyata eh ternyata,"['dulu', 'pernah', 'download', 'dan', 'buka', 'michat', 'aing', 'kira', 'eta', 'forum', 'pengguna', 'xiaomi', 'anying', 'soalna', 'baheula', 'hp', 'rusak', 'terus', 'mau', 'tanya', 'terus', 'kayak', 'wow', 'xiaomi', 'mantap', 'juga', 'bisa', 'bikin', 'aplikasi', 'buat', 'forum', 'penggunanya', 'ternyata', 'eh', 'ternyata']","['dulu', 'pernah', 'download', 'buka', 'michat', 'aing', 'kira', 'eta', 'forum', 'pengguna', 'xiaomi', 'anying', 'soalna', 'baheula', 'hp', 'rusak', 'trus', 'mo', 'nanya', 'trus', 'kek', 'wow', 'xiaomi', 'mantap', 'bisa', 'aplikasi', 'buat', 'forum', 'penggunanya', 'ternyata', 'eh', 'ternyata']",dulu pernah download buka michat aing kira eta forum guna xiaomi anying soalna baheula hp rusak trus mo nanya trus kek wow xiaomi mantap bisa aplikasi buat forum guna nyata eh nyata
2022-02-06 13:52:55,YOShopid,Saya menjual Casing Case Xiaomi Re... seharga Rp17.500. Dapatkan di Shopee sekarang! https://t.co/5v3J4HqJ4M #ShopeeID https://t.co/LjyZfiolCi,Saya menjual Casing Case Xiaomi Re seharga Rp  Dapatkan di Shopee sekarang ShopeeID,saya menjual casing case xiaomi re seharga rp  dapatkan di shopee sekarang shopeeid,saya menjual casing case xiaomi re seharga rp dapatkan di shopee sekarang shopeeid,"['saya', 'menjual', 'casing', 'case', 'xiaomi', 're', 'seharga', 'rp', 'dapatkan', 'di', 'shopee', 'sekarang', 'shopeeid']","['menjual', 'casing', 'case', 'xiaomi', 're', 'seharga', 'rp', 'dapatkan', 'shopee', 'sekarang', 'shopeeid']",jual casing case xiaomi re harga rp dapat shopee sekarang shopeeid
2022-02-06 13:52:20,sundyeschann,@ankylojay wkwkkwkw aku pilih samsung tp hapeku asli xiaomi xixixi,wkwkkwkw aku pilih samsung tp hapeku asli xiaomi xixixi,wkwkkwkw aku pilih samsung tp hapeku asli xiaomi xixixi,wkwkkwkw aku pilih samsung tapi hapeku asli xiaomi xixixi,"['wkwkkwkw', 'aku', 'pilih', 'samsung', 'tapi', 'hapeku', 'asli', 'xiaomi', 'xixixi']","['wkwkkwkw', 'aku', 'pilih', 'samsung', 'tp', 'hapeku', 'asli', 'xiaomi', 'xixixi']",wkwkkwkw aku pilih samsung tp hapeku asli xiaomi xixixi
2022-02-06 13:48:46,minjeyyaaaa,@vagabondzz_ hah ini xiaomi?,hah ini xiaomi,hah ini xiaomi,hah ini xiaomi,"['hah', 'ini', 'xiaomi']","['hah', 'xiaomi']",hah xiaomi
2022-02-06 13:41:49,MerelyRight,SAIC MotorSamsungSGMWSharpSiemensSkechersSonyTDKTommy HilfigerToshibaTsinghua TongfangUniqloVictoria‚Äôs SecretVivoVolkswagenXiaomiZaraZegnaZTE-------------End of List-------------,SAIC MotorSamsungSGMWSharpSiemensSkechersSonyTDKTommy HilfigerToshibaTsinghua TongfangUniqloVictoria  SecretVivoVolkswagenXiaomiZaraZegnaZTE End of List,saic motorsamsungsgmwsharpsiemensskecherssonytdktommy hilfigertoshibatsinghua tongfanguniqlovictoria  secretvivovolkswagenxiaomizarazegnazte end of list,saic motorsamsungsgmwsharpsiemensskecherssonytdktommy hilfigertoshibatsinghua tongfanguniqlovictoria secretvivovolkswagenxiaomizarazegnazte end of list,"['saic', 'motorsamsungsgmwsharpsiemensskecherssonytdktommy', 'hilfigertoshibatsinghua', 'tongfanguniqlovictoria', 'secretvivovolkswagenxiaomizarazegnazte', 'end', 'of', 'list']","['saic', 'motorsamsungsgmwsharpsiemensskecherssonytdktommy', 'hilfigertoshibatsinghua', 'tongfanguniqlovictoria', 'secretvivovolkswagenxiaomizarazegnazte', 'end', 'of', 'list']",saic motorsamsungsgmwsharpsiemensskecherssonytdktommy hilfigertoshibatsinghua tongfanguniqlovictoria secretvivovolkswagenxiaomizarazegnazte end of list
2022-02-06 13:40:08,ankylojay,"ya allah bingung banget pada bilang samsung, tau gitu gue pilih samsung pas di wasaf papa üò≠üò≠ dah terlanjur pilih xiaomi elah üòî https://t.co/859KDDbMBv",ya allah bingung banget pada bilang samsung tau gitu gue pilih samsung pas di wasaf papa dah terlanjur pilih xiaomi elah,ya allah bingung banget pada bilang samsung tau gitu gue pilih samsung pas di wasaf papa dah terlanjur pilih xiaomi elah,ya allah bingung banget pada bilang samsung tau begitu gue pilih samsung pas di wasaf papa deh terlanjur pilih xiaomi elah,"['ya', 'allah', 'bingung', 'banget', 'pada', 'bilang', 'samsung', 'tau', 'begitu', 'gue', 'pilih', 'samsung', 'pas', 'di', 'wasaf', 'papa', 'deh', 'terlanjur', 'pilih', 'xiaomi', 'elah']","['allah', 'bingung', 'banget', 'bilang', 'samsung', 'gitu', 'gue', 'pilih', 'samsung', 'pas', 'wasaf', 'papa', 'dah', 'terlanjur', 'pilih', 'xiaomi', 'elah']",allah bingung banget bilang samsung gitu gue pilih samsung pas wasaf papa dah lanjur pilih xiaomi elah
2022-02-06 13:36:34,IniAku02292269,@giantdhafin @butuh_dopamin @nikkoilham Xiaomi mia 1 itu budget brp kak,dopamin Xiaomi mia  itu budget brp kak,dopamin xiaomi mia  itu budget brp kak,dopamin xiaomi mia itu budget berapa kak,"['dopamin', 'xiaomi', 'mia', 'itu', 'budget', 'berapa', 'kak']","['dopamin', 'xiaomi', 'mia', 'budget', 'brp']",dopamin xiaomi mia budget brp
2022-02-06 13:33:13,ur_scorpio,@candyblossomn gaboleh kan kita xiaomi is 3,gaboleh kan kita xiaomi is ,gaboleh kan kita xiaomi is ,gaboleh kan kita xiaomi is,"['gaboleh', 'kan', 'kita', 'xiaomi', 'is']","['gaboleh', 'kan', 'xiaomi', 'is']",gaboleh kan xiaomi is
2022-02-06 13:29:41,Na_Grizelle,"@babellku @itskindawoo @AREAJULID Eehh pernah jg gue pny hp samsung grnd neo 5thn lalu. Sbnrny masi bgus,tp krn udh bosen ama smsung jd pngn nyoba xiaomi mi max 2 kn layrny gede kn. Eehh niatny beli pas thr biar ga kredit beliny tp krn die tau mau di madu,abis break mkn siang masi bae¬≤.",Eehh pernah jg gue pny hp samsung grnd neo thn lalu Sbnrny masi bgus tp krn udh bosen ama smsung jd pngn nyoba xiaomi mi max  kn layrny gede kn Eehh niatny beli pas thr biar ga kredit beliny tp krn die tau mau di madu abis break mkn siang masi bae,eehh pernah jg gue pny hp samsung grnd neo thn lalu sbnrny masi bgus tp krn udh bosen ama smsung jd pngn nyoba xiaomi mi max  kn layrny gede kn eehh niatny beli pas thr biar ga kredit beliny tp krn die tau mau di madu abis break mkn siang masi bae,eehh pernah juga gue punya hp samsung grnd neo tahun lalu sebenarnya masih bagus tapi karena sudah bosan sama smsung jadi pengin mencoba xiaomi mi max kan layrny gede kan eehh niatny beli pas thr biar enggak kredit beliny tapi karena die tau mau di madu habis break makin siang masih bae,"['eehh', 'pernah', 'juga', 'gue', 'punya', 'hp', 'samsung', 'grnd', 'neo', 'tahun', 'lalu', 'sebenarnya', 'masih', 'bagus', 'tapi', 'karena', 'sudah', 'bosan', 'sama', 'smsung', 'jadi', 'pengin', 'mencoba', 'xiaomi', 'mi', 'max', 'kan', 'layrny', 'gede', 'kan', 'eehh', 'niatny', 'beli', 'pas', 'thr', 'biar', 'enggak', 'kredit', 'beliny', 'tapi', 'karena', 'die', 'tau', 'mau', 'di', 'madu', 'habis', 'break', 'makin', 'siang', 'masih', 'bae']","['eehh', 'pernah', 'jg', 'gue', 'pny', 'hp', 'samsung', 'grnd', 'neo', 'thn', 'lalu', 'sbnrny', 'masi', 'bgus', 'tp', 'udh', 'bosen', 'ama', 'smsung', 'pngn', 'nyoba', 'xiaomi', 'mi', 'max', 'kn', 'layrny', 'gede', 'kn', 'eehh', 'niatny', 'beli', 'pas', 'thr', 'ga', 'kredit', 'beliny', 'tp', 'die', 'mau', 'madu', 'abis', 'break', 'mkn', 'siang', 'masi', 'bae']",eehh pernah jg gue pny hp samsung grnd neo thn lalu sbnrny mas bgus tp udh bosen ama smsung pngn nyoba xiaomi mi max kn layrny gede kn eehh niatny beli pas thr ga kredit beliny tp die mau madu abis break mkn siang mas bae
2022-02-06 13:14:51,ttawan_vh,"@ncitybase_ buat yg hpnya xiaomi bisa kok apus object di galeri, yg di bagian edit bawaan hpnya itu geser trs ntar ada erase. bisa diapusüëç",buat yg hpnya xiaomi bisa kok apus object di galeri yg di bagian edit bawaan hpnya itu geser trs ntar ada erase bisa diapus,buat yg hpnya xiaomi bisa kok apus object di galeri yg di bagian edit bawaan hpnya itu geser trs ntar ada erase bisa diapus,buat yang hpnya xiaomi bisa kok hapus object di galeri yang di bagian edit bawaan hpnya itu geser terus entar ada erase bisa diapus,"['buat', 'yang', 'hpnya', 'xiaomi', 'bisa', 'kok', 'hapus', 'object', 'di', 'galeri', 'yang', 'di', 'bagian', 'edit', 'bawaan', 'hpnya', 'itu', 'geser', 'terus', 'entar', 'ada', 'erase', 'bisa', 'diapus']","['buat', 'hpnya', 'xiaomi', 'kok', 'apus', 'object', 'galeri', 'di', 'bagian', 'edit', 'bawaan', 'hpnya', 'geser', 'trs', 'ntar', 'erase', 'diapus']",buat hpnya xiaomi kok apus object galeri di bagi edit bawa hpnya geser trs ntar erase diapus
2022-02-06 13:13:33,isboygood,"Kesel bangt, HP xiaomi download video or foto gak otomatis kesave, harus save dulu secara manual. Ini takut otomatis pas cek sana sini di file manager gak ada anjirr",Kesel bangt HP xiaomi download video or foto gak otomatis kesave harus save dulu secara manual Ini takut otomatis pas cek sana sini di file manager gak ada anjirr,kesel bangt hp xiaomi download video or foto gak otomatis kesave harus save dulu secara manual ini takut otomatis pas cek sana sini di file manager gak ada anjirr,kesel banget hp xiaomi download video orang foto enggak otomatis kesave harus save dulu secara manual ini takut otomatis pas cek sana sini di file manager enggak ada anjir,"['kesel', 'banget', 'hp', 'xiaomi', 'download', 'video', 'orang', 'foto', 'enggak', 'otomatis', 'kesave', 'harus', 'save', 'dulu', 'secara', 'manual', 'ini', 'takut', 'otomatis', 'pas', 'cek', 'sana', 'sini', 'di', 'file', 'manager', 'enggak', 'ada', 'anjir']","['kesel', 'bangt', 'hp', 'xiaomi', 'download', 'video', 'or', 'foto', 'otomatis', 'kesave', 'save', 'dulu', 'manual', 'takut', 'otomatis', 'pas', 'cek', 'sana', 'sini', 'file', 'manager', 'ada', 'anjirr']",kesel bangt hp xiaomi download video or foto otomatis kesave save dulu manual takut otomatis pas cek sana sini file manager ada anjirr
2022-02-06 13:09:10,picscok,"@convomf xiaomi, dulu sehari cuma 1 kali. tapi setelah di service malah jadi boros bgt jadi bisa 2-3 kali ngecas :(",xiaomi dulu sehari cuma  kali tapi setelah di service malah jadi boros bgt jadi bisa   kali ngecas,xiaomi dulu sehari cuma  kali tapi setelah di service malah jadi boros bgt jadi bisa   kali ngecas,xiaomi dulu sehari cuma kali tapi setelah di service malah jadi boros banget jadi bisa kali ngecas,"['xiaomi', 'dulu', 'sehari', 'cuma', 'kali', 'tapi', 'setelah', 'di', 'service', 'malah', 'jadi', 'boros', 'banget', 'jadi', 'bisa', 'kali', 'ngecas']","['xiaomi', 'dulu', 'sehari', 'cuma', 'tapi', 'di', 'service', 'malah', 'jadi', 'boros', 'jadi', 'ngecas']",xiaomi dulu hari cuma tapi di service malah jadi boros jadi ngecas
2022-02-06 13:07:19,HotPlumee,"Pulpen xiaomi enak deh, 10 12 lah sama muji sarasa. Kalo ilang gak kesel juga waktu itu ketinggalan di bbia üò±, gak terlalu mahal yeayyy nemu produk yg affordable",Pulpen xiaomi enak deh   lah sama muji sarasa Kalo ilang gak kesel juga waktu itu ketinggalan di bbia gak terlalu mahal yeayyy nemu produk yg affordable,pulpen xiaomi enak deh   lah sama muji sarasa kalo ilang gak kesel juga waktu itu ketinggalan di bbia gak terlalu mahal yeayyy nemu produk yg affordable,pulpen xiaomi enak deh lah sama muji sarasa kalo hilang enggak kesel juga waktu itu ketinggalan di bbia enggak terlalu mahal yeayyy nemu produk yang affordable,"['pulpen', 'xiaomi', 'enak', 'deh', 'lah', 'sama', 'muji', 'sarasa', 'kalo', 'hilang', 'enggak', 'kesel', 'juga', 'waktu', 'itu', 'ketinggalan', 'di', 'bbia', 'enggak', 'terlalu', 'mahal', 'yeayyy', 'nemu', 'produk', 'yang', 'affordable']","['pulpen', 'xiaomi', 'enak', 'deh', 'lah', 'sama', 'muji', 'sarasa', 'ilang', 'kesel', 'waktu', 'ketinggalan', 'bbia', 'terlalu', 'mahal', 'yeayyy', 'nemu', 'produk', 'affordable']",pulpen xiaomi enak deh lah sama muji sarasa ilang kesel waktu tinggal bbia terlalu mahal yeayyy nemu produk affordable
2022-02-06 13:06:06,pickmewinava,"@produkcowoo #wts  TWS xiaomi earbuds basic 2, kali aja ada yang minat. condi : original + masih segel. price : 185k, negotiable. https://t.co/dGykpzK0Ft",wts TWS xiaomi earbuds basic  kali aja ada yang minat condi original masih segel price  negotiable,wts tws xiaomi earbuds basic  kali aja ada yang minat condi original masih segel price  negotiable,wts tws xiaomi earbuds basic kali saja ada yang minat condi original masih segel price negotiable,"['wts', 'tws', 'xiaomi', 'earbuds', 'basic', 'kali', 'saja', 'ada', 'yang', 'minat', 'condi', 'original', 'masih', 'segel', 'price', 'negotiable']","['wts', 'tws', 'xiaomi', 'earbuds', 'basic', 'aja', 'yang', 'minat', 'condi', 'original', 'segel', 'price', 'negotiable']",wts tws xiaomi earbuds basic aja yang minat condi original segel price negotiable
2022-02-06 13:05:55,KisenKumar24,Masih bisa pengganti ipad 5 sayaMerk boleh xiaomi rasa apple https://t.co/fa5Ps9mUdl,Masih bisa pengganti ipad  sayaMerk boleh xiaomi rasa apple,masih bisa pengganti ipad  sayamerk boleh xiaomi rasa apple,masih bisa pengganti ipad sayamerk boleh xiaomi rasa apple,"['masih', 'bisa', 'pengganti', 'ipad', 'sayamerk', 'boleh', 'xiaomi', 'rasa', 'apple']","['bisa', 'pengganti', 'ipad', 'sayamerk', 'xiaomi', 'rasa', 'apple']",bisa ganti ipad sayamerk xiaomi rasa apple
2022-02-06 13:05:40,benedictadindaa,"@produkcowoo udah lama bgt beli yg Xiaomi earbuds, karena hp juga Xiaomi. sedih pas baca thread ini, ternyata banyak TWS yg lucu¬≤. yg ini agak kegedean di telingaku. semoga ada rejeki biar bisa beli yg Nokia walaupun hpnya Xiaomi wkwkwkwk https://t.co/UdktMtmQuT",udah lama bgt beli yg Xiaomi earbuds karena hp juga Xiaomi sedih pas baca thread ini ternyata banyak TWS yg lucu yg ini agak kegedean di telingaku semoga ada rejeki biar bisa beli yg Nokia walaupun hpnya Xiaomi wkwkwkwk,udah lama bgt beli yg xiaomi earbuds karena hp juga xiaomi sedih pas baca thread ini ternyata banyak tws yg lucu yg ini agak kegedean di telingaku semoga ada rejeki biar bisa beli yg nokia walaupun hpnya xiaomi wkwkwkwk,sudah lama banget beli yang xiaomi earbuds karena hp juga xiaomi sedih pas baca thread ini ternyata banyak tws yang lucu yang ini agak kegedean di telingaku semoga ada rejeki biar bisa beli yang nokia walaupun hpnya xiaomi wkwkwkwk,"['sudah', 'lama', 'banget', 'beli', 'yang', 'xiaomi', 'earbuds', 'karena', 'hp', 'juga', 'xiaomi', 'sedih', 'pas', 'baca', 'thread', 'ini', 'ternyata', 'banyak', 'tws', 'yang', 'lucu', 'yang', 'ini', 'agak', 'kegedean', 'di', 'telingaku', 'semoga', 'ada', 'rejeki', 'biar', 'bisa', 'beli', 'yang', 'nokia', 'walaupun', 'hpnya', 'xiaomi', 'wkwkwkwk']","['udah', 'lama', 'beli', 'xiaomi', 'earbuds', 'hp', 'xiaomi', 'sedih', 'pas', 'baca', 'thread', 'ternyata', 'banyak', 'tws', 'lucu', 'ini', 'kegedean', 'telingaku', 'semoga', 'rejeki', 'bisa', 'beli', 'nokia', 'walaupun', 'hpnya', 'xiaomi', 'wkwkwkwk']",udah lama beli xiaomi earbuds hp xiaomi sedih pas baca thread nyata banyak tws lucu ini gede telinga moga rejeki bisa beli nokia walaupun hpnya xiaomi wkwkwkwk
2022-02-06 13:04:55,ssugalaxyz,Lucu bgt xiaomi bisa beginiii üò≠ https://t.co/P16tXeXtHc,Lucu bgt xiaomi bisa beginiii,lucu bgt xiaomi bisa beginiii,lucu banget xiaomi bisa beginiii,"['lucu', 'banget', 'xiaomi', 'bisa', 'beginiii']","['lucu', 'xiaomi', 'beginiii']",lucu xiaomi beginiii
2022-02-06 13:04:27,xiaomi_pocophon,@frenchpixy mau beli pecel nyaaa??,mau beli pecel nyaaa,mau beli pecel nyaaa,mau beli pecel nya,"['mau', 'beli', 'pecel', 'nya']","['mau', 'beli', 'pecel', 'nyaaa']",mau beli pecel nyaaa
2022-02-06 12:59:06,B3RNKASTEL_,"@convomf Xiaomi mi a1, sehari 2x, sehari sekali bisa jg, tergantung pemakaian",Xiaomi mi  sehari  sehari sekali bisa jg tergantung pemakaian,xiaomi mi  sehari  sehari sekali bisa jg tergantung pemakaian,xiaomi mi sehari sehari sekali bisa juga tergantung pemakaian,"['xiaomi', 'mi', 'sehari', 'sehari', 'sekali', 'bisa', 'juga', 'tergantung', 'pemakaian']","['xiaomi', 'mi', 'sehari', 'sehari', 'sekali', 'jg', 'tergantung', 'pemakaian']",xiaomi mi hari hari sekali jg gantung pakai
2022-02-06 12:51:59,txtfromlia,@xiaomi_pocophon Gamauu,pocophon Gamauu,pocophon gamauu,pocophon gamauu,"['pocophon', 'gamauu']","['pocophon', 'gamauu']",pocophon gamauu
2022-02-06 12:46:18,kugiusaki,"xiaomi redmi 9c cuma ngecas 1 hari satu kali,  jam 11 malem abis sampe 15% https://t.co/AXQTepZvPj",xiaomi redmi  cuma ngecas  hari satu kali jam  malem abis sampe ,xiaomi redmi  cuma ngecas  hari satu kali jam  malem abis sampe ,xiaomi redmi cuma ngecas hari satu kali jam malam habis sampai,"['xiaomi', 'redmi', 'cuma', 'ngecas', 'hari', 'satu', 'kali', 'jam', 'malam', 'habis', 'sampai']","['xiaomi', 'redmi', 'cuma', 'ngecas', 'hari', 'satu', 'jam', 'malem', 'abis', 'sampe']",xiaomi redmi cuma ngecas hari satu jam malem abis sampe
2022-02-06 12:46:18,monxesha,"@hkdycblsxdktmew Hahaha, betul2 Xiaomi tahan, skrin tak pecah pun, tp effect dekat dalaman dia, skrin pandai flickering, üòÇüòÇ vivo x pernah pakai,",Hahaha betul Xiaomi tahan skrin tak pecah pun tp effect dekat dalaman dia skrin pandai flickering vivo  pernah pakai,hahaha betul xiaomi tahan skrin tak pecah pun tp effect dekat dalaman dia skrin pandai flickering vivo  pernah pakai,hahaha betul xiaomi tahan skrin tak pecah pun tapi effect dekat dalaman dia skrin pandai flickering vivo pernah pakai,"['hahaha', 'betul', 'xiaomi', 'tahan', 'skrin', 'tak', 'pecah', 'pun', 'tapi', 'effect', 'dekat', 'dalaman', 'dia', 'skrin', 'pandai', 'flickering', 'vivo', 'pernah', 'pakai']","['hahaha', 'betul', 'xiaomi', 'tahan', 'skrin', 'tak', 'pecah', 'tp', 'effect', 'dekat', 'dalaman', 'skrin', 'pandai', 'flickering', 'vivo', 'pernah', 'pakai']",hahaha betul xiaomi tahan skrin tak pecah tp effect dekat dalam skrin pandai flickering vivo pernah pakai
2022-02-06 12:45:55,donnyarifwicak1,Xiaomi Mi Wifi Range Extender Pro Garansi Resmi Mi WIFI Repeater Pro Mi Wifi Amplifier Pro Penguat Sinyal Wifilink https://t.co/KHc7BLhE4F https://t.co/TlkS7yHyOO,Xiaomi Mi Wifi Range Extender Pro Garansi Resmi Mi WIFI Repeater Pro Mi Wifi Amplifier Pro Penguat Sinyal Wifilink,xiaomi mi wifi range extender pro garansi resmi mi wifi repeater pro mi wifi amplifier pro penguat sinyal wifilink,xiaomi mi wifi range extender pro garansi resmi mi wifi repeater pro mi wifi amplifier pro penguat sinyal wifilink,"['xiaomi', 'mi', 'wifi', 'range', 'extender', 'pro', 'garansi', 'resmi', 'mi', 'wifi', 'repeater', 'pro', 'mi', 'wifi', 'amplifier', 'pro', 'penguat', 'sinyal', 'wifilink']","['xiaomi', 'mi', 'wifi', 'range', 'extender', 'pro', 'garansi', 'resmi', 'mi', 'wifi', 'repeater', 'pro', 'mi', 'wifi', 'amplifier', 'pro', 'penguat', 'sinyal', 'wifilink']",xiaomi mi wifi range extender pro garansi resmi mi wifi repeater pro mi wifi amplifier pro kuat sinyal wifilink
2022-02-06 12:43:18,bambank_wn,@bukalapak Bismillah 3 kado yang pas untuk shio Naga :1. REALME NARZO 50i 2. XIAOMI POCO X3 PRO (Lagi diskon 20%) 3. TWS 5.0 BLUETOOTH EARPHONE cus follow @bukalapak dan ikutan kuisnya teman2 @ndeeptr  @masht_pri  @LismaWa82052246  #BukalapakCuciGudang,Bismillah  kado yang pas untuk shio Naga  REALME NARZO   XIAOMI POCO  PRO Lagi diskon   TWS   BLUETOOTH EARPHONE cus follow dan ikutan kuisnya teman pri BukalapakCuciGudang,bismillah  kado yang pas untuk shio naga  realme narzo   xiaomi poco  pro lagi diskon   tws   bluetooth earphone cus follow dan ikutan kuisnya teman pri bukalapakcucigudang,bismillah kado yang pas untuk shio naga realme narzo xiaomi poco pro lagi diskon tws bluetooth earphone cus follow dan ikutan kuisnya teman pri bukalapakcucigudang,"['bismillah', 'kado', 'yang', 'pas', 'untuk', 'shio', 'naga', 'realme', 'narzo', 'xiaomi', 'poco', 'pro', 'lagi', 'diskon', 'tws', 'bluetooth', 'earphone', 'cus', 'follow', 'dan', 'ikutan', 'kuisnya', 'teman', 'pri', 'bukalapakcucigudang']","['bismillah', 'kado', 'pas', 'shio', 'naga', 'realme', 'narzo', 'xiaomi', 'poco', 'pro', 'diskon', 'tws', 'bluetooth', 'earphone', 'cus', 'follow', 'ikutan', 'kuisnya', 'teman', 'pri', 'bukalapakcucigudang']",bismillah kado pas shio naga realme narzo xiaomi poco pro diskon tws bluetooth earphone cus follow ikut kuis teman pri bukalapakcucigudang
2022-02-06 12:43:07,hkdycblsxdktmew,"@monxesha kalau mcmni kena beli public phone hahahahhaha okay jokes aside, i rasa vivo dgn xiaomi  boleh tahan gak nyawa dia jatuh berkali-kali masih bertahan for me lahhhh",kalau mcmni kena beli public phone hahahahhaha okay jokes aside  rasa vivo dgn xiaomi boleh tahan gak nyawa dia jatuh berkali kali masih bertahan for me lahhhh,kalau mcmni kena beli public phone hahahahhaha okay jokes aside  rasa vivo dgn xiaomi boleh tahan gak nyawa dia jatuh berkali kali masih bertahan for me lahhhh,kalau mcmni kena beli public phone hahahahhaha okay jokes aside rasa vivo dengan xiaomi boleh tahan enggak nyawa dia jatuh berkali kali masih bertahan for me lahhhh,"['kalau', 'mcmni', 'kena', 'beli', 'public', 'phone', 'hahahahhaha', 'okay', 'jokes', 'aside', 'rasa', 'vivo', 'dengan', 'xiaomi', 'boleh', 'tahan', 'enggak', 'nyawa', 'dia', 'jatuh', 'berkali', 'kali', 'masih', 'bertahan', 'for', 'me', 'lahhhh']","['kalau', 'mcmni', 'kena', 'beli', 'public', 'phone', 'hahahahhaha', 'okay', 'jokes', 'aside', 'rasa', 'vivo', 'xiaomi', 'tahan', 'nyawa', 'jatuh', 'berkali', 'masih', 'bertahan', 'for', 'me', 'lahhhh']",kalau mcmni kena beli public phone hahahahhaha okay jokes aside rasa vivo xiaomi tahan nyawa jatuh kali masih tahan for me lahhhh
2022-02-06 12:42:46,bambank_wn,@bukalapak Bismillah 3 kado yang pas untuk shio Naga :1. REALME NARZO 50i 2. XIAOMI POCO X3 PRO (Lagi diskon 20%) 3. TWS 5.0 BLUETOOTH EARPHONE cus follow @bukalapak dan ikutan kuisnya teman2 @respect_ochim  @mita_andini20  @Alvaro27Aulia  #BukalapakCuciGudang,Bismillah  kado yang pas untuk shio Naga  REALME NARZO   XIAOMI POCO  PRO Lagi diskon   TWS   BLUETOOTH EARPHONE cus follow dan ikutan kuisnya teman ochim andini BukalapakCuciGudang,bismillah  kado yang pas untuk shio naga  realme narzo   xiaomi poco  pro lagi diskon   tws   bluetooth earphone cus follow dan ikutan kuisnya teman ochim andini bukalapakcucigudang,bismillah kado yang pas untuk shio naga realme narzo xiaomi poco pro lagi diskon tws bluetooth earphone cus follow dan ikutan kuisnya teman ochim andini bukalapakcucigudang,"['bismillah', 'kado', 'yang', 'pas', 'untuk', 'shio', 'naga', 'realme', 'narzo', 'xiaomi', 'poco', 'pro', 'lagi', 'diskon', 'tws', 'bluetooth', 'earphone', 'cus', 'follow', 'dan', 'ikutan', 'kuisnya', 'teman', 'ochim', 'andini', 'bukalapakcucigudang']","['bismillah', 'kado', 'pas', 'shio', 'naga', 'realme', 'narzo', 'xiaomi', 'poco', 'pro', 'diskon', 'tws', 'bluetooth', 'earphone', 'cus', 'follow', 'ikutan', 'kuisnya', 'teman', 'ochim', 'andini', 'bukalapakcucigudang']",bismillah kado pas shio naga realme narzo xiaomi poco pro diskon tws bluetooth earphone cus follow ikut kuis teman ochim andini bukalapakcucigudang
2022-02-06 12:41:45,paradizefalls,"review ala2 Xiaomi Redmi Note 10S 6/64Gdisclaimer: bukan gadget enthu (beli ini karena disaranin gadgetin wkwkwk), pemakaian 1 bulan, beli di official tokped",review ala Xiaomi Redmi Note   Gdisclaimer bukan gadget enthu beli ini karena disaranin gadgetin wkwkwk pemakaian  bulan beli di official tokped,review ala xiaomi redmi note   gdisclaimer bukan gadget enthu beli ini karena disaranin gadgetin wkwkwk pemakaian  bulan beli di official tokped,review ala xiaomi redmi note gdisclaimer bukan gadget enthu beli ini karena disaranin gadgetin wkwkwk pemakaian bulan beli di official tokped,"['review', 'ala', 'xiaomi', 'redmi', 'note', 'gdisclaimer', 'bukan', 'gadget', 'enthu', 'beli', 'ini', 'karena', 'disaranin', 'gadgetin', 'wkwkwk', 'pemakaian', 'bulan', 'beli', 'di', 'official', 'tokped']","['review', 'ala', 'xiaomi', 'redmi', 'note', 'gdisclaimer', 'bukan', 'gadget', 'enthu', 'beli', 'karena', 'disaranin', 'gadgetin', 'wkwkwk', 'pemakaian', 'bulan', 'beli', 'official', 'tokped']",review ala xiaomi redmi note gdisclaimer bukan gadget enthu beli karena disaranin gadgetin wkwkwk pakai bulan beli official tokped
2022-02-06 12:41:22,sacrilegeist,Rencana mau ganti Xiaomi Note 10 Pro. Rencana. https://t.co/Oxj7MVh2tL,Rencana mau ganti Xiaomi Note  Pro Rencana,rencana mau ganti xiaomi note  pro rencana,rencana mau ganti xiaomi note pro rencana,"['rencana', 'mau', 'ganti', 'xiaomi', 'note', 'pro', 'rencana']","['rencana', 'mau', 'ganti', 'xiaomi', 'note', 'pro', 'rencana']",rencana mau ganti xiaomi note pro rencana
2022-02-06 12:40:45,isephase,"@convomf Xiaomi, sekali",Xiaomi sekali,xiaomi sekali,xiaomi sekali,"['xiaomi', 'sekali']","['xiaomi', 'sekali']",xiaomi sekali
2022-02-06 12:40:34,chifuyu_matsu,"@convomf xiaomi, aku ngecas 2 kali, waktu pagi sm sore",xiaomi aku ngecas  kali waktu pagi sm sore,xiaomi aku ngecas  kali waktu pagi sm sore,xiaomi aku ngecas kali waktu pagi sama sore,"['xiaomi', 'aku', 'ngecas', 'kali', 'waktu', 'pagi', 'sama', 'sore']","['xiaomi', 'aku', 'ngecas', 'waktu', 'pagi', 'sm', 'sore']",xiaomi aku ngecas waktu pagi sm sore
2022-02-06 12:38:12,pvromise,@munfess Kalo jujur siih mau pindah ip karena diracunin spek hpnya dari bagian mesin sama storagenya. Tapi kalo ga memadai cukup tim xiaomi sja üôèüèª,Kalo jujur siih mau pindah ip karena diracunin spek hpnya dari bagian mesin sama storagenya Tapi kalo ga memadai cukup tim xiaomi sja,kalo jujur siih mau pindah ip karena diracunin spek hpnya dari bagian mesin sama storagenya tapi kalo ga memadai cukup tim xiaomi sja,kalo jujur sih mau pindah ip karena diracunin spek hpnya dari bagian mesin sama storagenya tapi kalo enggak memadai cukup tim xiaomi saja,"['kalo', 'jujur', 'sih', 'mau', 'pindah', 'ip', 'karena', 'diracunin', 'spek', 'hpnya', 'dari', 'bagian', 'mesin', 'sama', 'storagenya', 'tapi', 'kalo', 'enggak', 'memadai', 'cukup', 'tim', 'xiaomi', 'saja']","['jujur', 'siih', 'mau', 'pindah', 'ip', 'diracunin', 'spek', 'hpnya', 'bagian', 'mesin', 'sama', 'storagenya', 'kalo', 'memadai', 'cukup', 'tim', 'xiaomi', 'sja']",jujur siih mau pindah ip diracunin spek hpnya bagi mesin sama storagenya kalo pada cukup tim xiaomi sja
2022-02-06 12:37:07,Sanfdll_,@mlbbfess setia bgt sama Xiaomi ‚ò∫Ô∏è https://t.co/nCUi0VugR3,setia bgt sama Xiaomi,setia bgt sama xiaomi,setia banget sama xiaomi,"['setia', 'banget', 'sama', 'xiaomi']","['setia', 'sama', 'xiaomi']",setia sama xiaomi
2022-02-06 12:36:00,septemberblood,"@convomf xiaomi note 9 pro, sehari sekali",xiaomi note  pro sehari sekali,xiaomi note  pro sehari sekali,xiaomi note pro sehari sekali,"['xiaomi', 'note', 'pro', 'sehari', 'sekali']","['xiaomi', 'note', 'pro', 'sehari', 'sekali']",xiaomi note pro hari sekali
2022-02-06 12:32:45,enhqypen,"@convomf xiaomi 9c, sekali sehari. dua kali kalo pas lagi diluar",xiaomi  sekali sehari dua kali kalo pas lagi diluar,xiaomi  sekali sehari dua kali kalo pas lagi diluar,xiaomi sekali sehari dua kali kalo pas lagi diluar,"['xiaomi', 'sekali', 'sehari', 'dua', 'kali', 'kalo', 'pas', 'lagi', 'diluar']","['xiaomi', 'sekali', 'sehari', 'kali', 'pas', 'diluar']",xiaomi sekali hari kali pas luar
2022-02-06 12:32:25,hyunjaexl,@tanyakanrl Di hp xiaomi layar jd kuning bgt menurut gua,Di hp xiaomi layar jd kuning bgt menurut gua,di hp xiaomi layar jd kuning bgt menurut gua,di hp xiaomi layar jadi kuning banget menurut gua,"['di', 'hp', 'xiaomi', 'layar', 'jadi', 'kuning', 'banget', 'menurut', 'gua']","['hp', 'xiaomi', 'layar', 'kuning', 'menurut', 'gua']",hp xiaomi layar kuning turut gua
2022-02-06 12:30:54,wiinterstorry,"@convomf Xiaomi, 1x sehari",Xiaomi  sehari,xiaomi  sehari,xiaomi sehari,"['xiaomi', 'sehari']","['xiaomi', 'sehari']",xiaomi hari
2022-02-06 12:30:26,thaitearebel,@convomf Xiaomi 4-5 kali wkwkwk batrainya bocooorrrr,Xiaomi   kali wkwkwk batrainya bocooorrrr,xiaomi   kali wkwkwk batrainya bocooorrrr,xiaomi kali wkwkwk batrainya bocooorrrr,"['xiaomi', 'kali', 'wkwkwk', 'batrainya', 'bocooorrrr']","['xiaomi', 'wkwkwk', 'batrainya', 'bocooorrrr']",xiaomi wkwkwk batrainya bocooorrrr
2022-02-06 12:29:54,butterliies,@convomf xiaomi 1x tapi kalo mau begadang cas 2x,xiaomi  tapi kalo mau begadang cas ,xiaomi  tapi kalo mau begadang cas ,xiaomi tapi kalo mau begadang cas,"['xiaomi', 'tapi', 'kalo', 'mau', 'begadang', 'cas']","['xiaomi', 'kalo', 'mau', 'begadang', 'cas']",xiaomi kalo mau begadang cas
2022-02-06 12:26:50,jyancuks,"@convomf xiaomi, sekali",xiaomi sekali,xiaomi sekali,xiaomi sekali,"['xiaomi', 'sekali']","['xiaomi', 'sekali']",xiaomi sekali
2022-02-06 12:22:53,ugun_life,Cara Mengganti Wallpaper di HP Xiaomi https://t.co/hiOyCMXk4Z lewat @YouTube,Cara Mengganti Wallpaper di HP Xiaomi lewat,cara mengganti wallpaper di hp xiaomi lewat,cara mengganti wallpaper di hp xiaomi lewat,"['cara', 'mengganti', 'wallpaper', 'di', 'hp', 'xiaomi', 'lewat']","['cara', 'mengganti', 'wallpaper', 'hp', 'xiaomi', 'lewat']",cara ganti wallpaper hp xiaomi lewat
2022-02-06 12:10:34,TitoRagil,GANTI LCD XIAOMI NOTE 8 https://t.co/5rebFsePlh lewat @YouTube,GANTI LCD XIAOMI NOTE  lewat,ganti lcd xiaomi note  lewat,ganti lcd xiaomi note lewat,"['ganti', 'lcd', 'xiaomi', 'note', 'lewat']","['ganti', 'lcd', 'xiaomi', 'note', 'lewat']",ganti lcd xiaomi note lewat
2022-02-06 12:09:45,heejakev,xiaomi kgk beres enih,xiaomi kgk beres enih,xiaomi kgk beres enih,xiaomi kgk beres enih,"['xiaomi', 'kgk', 'beres', 'enih']","['xiaomi', 'kgk', 'beres', 'enih']",xiaomi kgk beres enih
2022-02-06 11:53:57,iluvnaskaya,@schfess Pernah liat merek xiaomi budget nya 5 jutaan di ttKualitasnya bagussCmn aku gtw yg mana maaf yaüòî,Pernah liat merek xiaomi budget nya  jutaan di ttKualitasnya bagussCmn aku gtw yg mana maaf ya,pernah liat merek xiaomi budget nya  jutaan di ttkualitasnya bagusscmn aku gtw yg mana maaf ya,pernah lihat merek xiaomi budget nya jutaan di ttkualitasnya bagusscmn aku enggak tau yang mana maaf ya,"['pernah', 'lihat', 'merek', 'xiaomi', 'budget', 'nya', 'jutaan', 'di', 'ttkualitasnya', 'bagusscmn', 'aku', 'enggak', 'tau', 'yang', 'mana', 'maaf', 'ya']","['pernah', 'liat', 'merek', 'xiaomi', 'budget', 'jutaan', 'ttkualitasnya', 'bagusscmn', 'aku', 'gtw', 'mana', 'maaf']",pernah liat merek xiaomi budget juta ttkualitasnya bagusscmn aku gtw mana maaf
2022-02-06 11:53:27,praywibawas,Astungkara lancarüôèSekala burger x tantra's fried chicken.Percobaan photoshoot kali ini bermodalkan Xiaomi Mi A1 + Lightroom. https://t.co/qgN2Gj9lVy,Astungkara lancar Sekala burger  tantra  fried chicken Percobaan photoshoot kali ini bermodalkan Xiaomi Mi  Lightroom,astungkara lancar sekala burger  tantra  fried chicken percobaan photoshoot kali ini bermodalkan xiaomi mi  lightroom,astungkara lancar sekala burger tantra fried chicken percobaan photoshoot kali ini bermodalkan xiaomi mi lightroom,"['astungkara', 'lancar', 'sekala', 'burger', 'tantra', 'fried', 'chicken', 'percobaan', 'photoshoot', 'kali', 'ini', 'bermodalkan', 'xiaomi', 'mi', 'lightroom']","['astungkara', 'lancar', 'sekala', 'burger', 'tantra', 'fried', 'chicken', 'percobaan', 'photoshoot', 'ini', 'bermodalkan', 'xiaomi', 'mi', 'lightroom']",astungkara lancar sekala burger tantra fried chicken coba photoshoot ini modal xiaomi mi lightroom
2022-02-06 11:51:49,salam_wow,@ShopeeID Yokk bisa yokk Xiaomi MI12 #ShopeeID,Yokk bisa yokk Xiaomi MI ShopeeID,yokk bisa yokk xiaomi mi shopeeid,yuk bisa yuk xiaomi mi shopeeid,"['yuk', 'bisa', 'yuk', 'xiaomi', 'mi', 'shopeeid']","['yokk', 'yokk', 'xiaomi', 'mi', 'shopeeid']",yokk yokk xiaomi mi shopeeid
2022-02-06 11:47:05,andraachen,"Yang buat android juga adaa, samsung, oppo/realme, xiaomi, vivo. Cari aja ke bagian Category yaa di https://t.co/O4rMjDWKBo https://t.co/fdGrXgGBO3",Yang buat android juga adaa samsung oppo realme xiaomi vivo Cari aja ke bagian Category yaa di,yang buat android juga adaa samsung oppo realme xiaomi vivo cari aja ke bagian category yaa di,yang buat android juga ada samsung oppo realme xiaomi vivo cari saja ke bagian category ya di,"['yang', 'buat', 'android', 'juga', 'ada', 'samsung', 'oppo', 'realme', 'xiaomi', 'vivo', 'cari', 'saja', 'ke', 'bagian', 'category', 'ya', 'di']","['buat', 'android', 'adaa', 'samsung', 'oppo', 'realme', 'xiaomi', 'vivo', 'cari', 'ke', 'bagian', 'category', 'di']",buat android adaa samsung oppo realme xiaomi vivo cari ke bagi category di
2022-02-06 11:42:49,caduakalee,"@convomfs Eh mau tanya dong, font di hp Xiaomi tuh free semua kah??",Eh mau tanya dong font di hp Xiaomi tuh free semua kah,eh mau tanya dong font di hp xiaomi tuh free semua kah,eh mau tanya dong font di hp xiaomi tuh free semua kah,"['eh', 'mau', 'tanya', 'dong', 'font', 'di', 'hp', 'xiaomi', 'tuh', 'free', 'semua', 'kah']","['eh', 'mau', 'tanya', 'dong', 'font', 'hp', 'xiaomi', 'free', 'semua']",eh mau tanya dong font hp xiaomi free semua
2022-02-06 11:40:34,convomfs,"üí¨ yang pake Xiaomi, saranin font yang bisa nembus ke app Twitter dong. Makasiih",yang pake Xiaomi saranin font yang bisa nembus ke app Twitter dong Makasiih,yang pake xiaomi saranin font yang bisa nembus ke app twitter dong makasiih,yang pakai xiaomi menyarankan font yang bisa nembus ke app twitter dong makasiih,"['yang', 'pakai', 'xiaomi', 'menyarankan', 'font', 'yang', 'bisa', 'nembus', 'ke', 'app', 'twitter', 'dong', 'makasiih']","['pake', 'xiaomi', 'saranin', 'font', 'bisa', 'nembus', 'app', 'twitter', 'dong', 'makasiih']",pake xiaomi saranin font bisa nembus app twitter dong makasiih
2022-02-06 11:34:41,heliero,"Jual Osmo pocketJarang dipake, imbas pandemi jadi takut travelingKondisi mulus, baterai awet, lengkap box dll, minusnya gak ada kabel charger..selama ini pake fast charger ya  Xiaomi üòÅJual Rp 2,8juta NETT langsung DM yaw#jualosmopocket#kameramurah#osmopocketmurah https://t.co/vh3wqRFtiZ",Jual Osmo pocketJarang dipake imbas pandemi jadi takut travelingKondisi mulus baterai awet lengkap box dll minusnya gak ada kabel charger selama ini pake fast charger ya Xiaomi Jual Rp  juta NETT langsung DM yaw jualosmopocket kameramurah osmopocketmurah,jual osmo pocketjarang dipake imbas pandemi jadi takut travelingkondisi mulus baterai awet lengkap box dll minusnya gak ada kabel charger selama ini pake fast charger ya xiaomi jual rp  juta nett langsung dm yaw jualosmopocket kameramurah osmopocketmurah,jual osmo pocketjarang dipakai imbas pandemi jadi takut travelingkondisi mulus baterai awet lengkap box dll minusnya enggak ada kabel charger selama ini pakai fast charger ya xiaomi jual rp juta nett langsung dm yaw jualosmopocket kameramurah osmopocketmurah,"['jual', 'osmo', 'pocketjarang', 'dipakai', 'imbas', 'pandemi', 'jadi', 'takut', 'travelingkondisi', 'mulus', 'baterai', 'awet', 'lengkap', 'box', 'dll', 'minusnya', 'enggak', 'ada', 'kabel', 'charger', 'selama', 'ini', 'pakai', 'fast', 'charger', 'ya', 'xiaomi', 'jual', 'rp', 'juta', 'nett', 'langsung', 'dm', 'yaw', 'jualosmopocket', 'kameramurah', 'osmopocketmurah']","['jual', 'osmo', 'pocketjarang', 'dipake', 'imbas', 'pandemi', 'jadi', 'takut', 'travelingkondisi', 'mulus', 'baterai', 'awet', 'lengkap', 'box', 'minusnya', 'ada', 'kabel', 'charger', 'selama', 'pake', 'fast', 'charger', 'xiaomi', 'jual', 'rp', 'juta', 'nett', 'langsung', 'yaw', 'jualosmopocket', 'kameramurah', 'osmopocketmurah']",jual osmo pocketjarang dipake imbas pandemi jadi takut travelingkondisi mulus baterai awet lengkap box minus ada kabel charger lama pake fast charger xiaomi jual rp juta nett langsung yaw jualosmopocket kameramurah osmopocketmurah
2022-02-06 11:31:04,Shadiya68436915,@ishanagarwal24 Company : XiaomiDevice : Poco X3Launcher : MicrosoftIcon Pack : Samsung OneUI Icon https://t.co/xGr6zn5FdE,Company XiaomiDevice Poco XLauncher MicrosoftIcon Pack Samsung OneUI Icon,company xiaomidevice poco xlauncher microsofticon pack samsung oneui icon,company xiaomidevice poco xlauncher microsofticon pack samsung oneui icon,"['company', 'xiaomidevice', 'poco', 'xlauncher', 'microsofticon', 'pack', 'samsung', 'oneui', 'icon']","['company', 'xiaomidevice', 'poco', 'xlauncher', 'microsofticon', 'pack', 'samsung', 'oneui', 'icon']",company xiaomidevice poco xlauncher microsofticon pack samsung oneui icon
2022-02-06 11:24:46,JSTrikukuh,"@Foghymn Oh kirain xiaomi. Dulu pernah dapat xiaomi baru yang begini, dicharge berkali-kali ngga ganti2 status barnya. Akhirnya diretur üòÖ",Oh kirain xiaomi Dulu pernah dapat xiaomi baru yang begini dicharge berkali kali ngga ganti status barnya Akhirnya diretur,oh kirain xiaomi dulu pernah dapat xiaomi baru yang begini dicharge berkali kali ngga ganti status barnya akhirnya diretur,oh mengira xiaomi dulu pernah dapat xiaomi baru yang begini dicharge berkali kali enggak ganti status barnya akhirnya diretur,"['oh', 'mengira', 'xiaomi', 'dulu', 'pernah', 'dapat', 'xiaomi', 'baru', 'yang', 'begini', 'dicharge', 'berkali', 'kali', 'enggak', 'ganti', 'status', 'barnya', 'akhirnya', 'diretur']","['kirain', 'xiaomi', 'dulu', 'pernah', 'xiaomi', 'baru', 'begini', 'dicharge', 'berkali', 'ngga', 'ganti', 'status', 'barnya', 'akhirnya', 'diretur']",kirain xiaomi dulu pernah xiaomi baru begini dicharge kali ngga ganti status bar akhir retur
2022-02-06 11:23:04,IqbalTejokusumo,@jemappelleandra Xiaomi sama Playstation juga kecil perubahannya wkek,Xiaomi sama Playstation juga kecil perubahannya wkek,xiaomi sama playstation juga kecil perubahannya wkek,xiaomi sama playstation juga kecil perubahannya wkek,"['xiaomi', 'sama', 'playstation', 'juga', 'kecil', 'perubahannya', 'wkek']","['xiaomi', 'sama', 'playstation', 'kecil', 'perubahannya', 'wkek']",xiaomi sama playstation kecil ubah wkek
2022-02-06 11:22:39,zzunurainn,"Haha baru tahu orang Indo panggil handphone Xiaomi ""hape gacha"".Macam judi gitu, kalau nasib baik fon takde problem, kalau nasib tak baik mesti ada problem.Ada betulnya jugak, masa aku beli Mi A1 dulu, pakai sehari dah kena screen ghost tapi diorang taknak cover",Haha baru tahu orang Indo panggil handphone Xiaomi hape gacha Macam judi gitu kalau nasib baik fon takde problem kalau nasib tak baik mesti ada problem Ada betulnya jugak masa aku beli Mi  dulu pakai sehari dah kena screen ghost tapi diorang taknak cover,haha baru tahu orang indo panggil handphone xiaomi hape gacha macam judi gitu kalau nasib baik fon takde problem kalau nasib tak baik mesti ada problem ada betulnya jugak masa aku beli mi  dulu pakai sehari dah kena screen ghost tapi diorang taknak cover,haha baru tahu orang indonesia panggil handphone xiaomi hape gacha macam judi begitu kalau nasib baik fon takde problem kalau nasib tak baik mesti ada problem ada betulnya juga masa aku beli mi dulu pakai sehari deh kena screen ghost tapi diorang taknak cover,"['haha', 'baru', 'tahu', 'orang', 'indonesia', 'panggil', 'handphone', 'xiaomi', 'hape', 'gacha', 'macam', 'judi', 'begitu', 'kalau', 'nasib', 'baik', 'fon', 'takde', 'problem', 'kalau', 'nasib', 'tak', 'baik', 'mesti', 'ada', 'problem', 'ada', 'betulnya', 'juga', 'masa', 'aku', 'beli', 'mi', 'dulu', 'pakai', 'sehari', 'deh', 'kena', 'screen', 'ghost', 'tapi', 'diorang', 'taknak', 'cover']","['haha', 'baru', 'tahu', 'orang', 'indo', 'panggil', 'handphone', 'xiaomi', 'hape', 'gacha', 'macam', 'judi', 'gitu', 'kalau', 'nasib', 'baik', 'fon', 'takde', 'problem', 'kalau', 'nasib', 'tak', 'baik', 'mesti', 'problem', 'betulnya', 'jugak', 'masa', 'aku', 'beli', 'mi', 'dulu', 'pakai', 'sehari', 'dah', 'kena', 'screen', 'ghost', 'diorang', 'taknak', 'cover']",haha baru tahu orang indo panggil handphone xiaomi hape gacha macam judi gitu kalau nasib baik fon takde problem kalau nasib tak baik mesti problem betul jugak masa aku beli mi dulu pakai hari dah kena screen ghost orang taknak cover
2022-02-06 11:15:12,convomfs,ü§ç baru tau weh kalau xiaomi bisa bikin aesthetic notes üò≠üôè https://t.co/PWhGgbv8cP,baru tau weh kalau xiaomi bisa bikin aesthetic notes,baru tau weh kalau xiaomi bisa bikin aesthetic notes,baru tau weh kalau xiaomi bisa bikin aesthetic notes,"['baru', 'tau', 'weh', 'kalau', 'xiaomi', 'bisa', 'bikin', 'aesthetic', 'notes']","['baru', 'weh', 'kalau', 'xiaomi', 'bikin', 'aesthetic', 'notes']",baru weh kalau xiaomi bikin aesthetic notes
2022-02-06 11:13:50,krmihrn0,Anaknya dikasi pake xiaomi üíÄü¶ñü¶ñü¶ñü¶ñü¶ñ https://t.co/iUVvutRbzz,Anaknya dikasi pake xiaomi,anaknya dikasi pake xiaomi,anaknya dikasi pakai xiaomi,"['anaknya', 'dikasi', 'pakai', 'xiaomi']","['anaknya', 'dikasi', 'pake', 'xiaomi']",anak kasi pake xiaomi
2022-02-06 11:06:35,sixtria,@bukalapak Kado yang sesuai dengan shio Naga üêâ di aplikasi @BukaLapak‚Ä¢ Infinix Hot 10S‚Ä¢ Garmin Instinct Smartwatch‚Ä¢ Xiaomi AirDots@cindy_goodVibe @Tininibaru @cherellianice https://t.co/bxyPNJCfEZ,Kado yang sesuai dengan shio Naga di aplikasi Infinix Hot  Garmin Instinct Smartwatch Xiaomi AirDots goodVibe,kado yang sesuai dengan shio naga di aplikasi infinix hot  garmin instinct smartwatch xiaomi airdots goodvibe,kado yang sesuai dengan shio naga di aplikasi infinix hot garmin instinct smartwatch xiaomi airdots goodvibe,"['kado', 'yang', 'sesuai', 'dengan', 'shio', 'naga', 'di', 'aplikasi', 'infinix', 'hot', 'garmin', 'instinct', 'smartwatch', 'xiaomi', 'airdots', 'goodvibe']","['kado', 'sesuai', 'shio', 'naga', 'aplikasi', 'infinix', 'hot', 'garmin', 'instinct', 'smartwatch', 'xiaomi', 'airdots', 'goodvibe']",kado sesuai shio naga aplikasi infinix hot garmin instinct smartwatch xiaomi airdots goodvibe
2022-02-06 11:03:48,wandi_0917,Temukan Smartwatch Xiaomi Mibro Air Global Version Full HD Watch Face dengan potongan 21%! Hanya Rp410.000. Dapatkan segera di Shopee! https://t.co/fgaa7mcTqZ #ShopeeID https://t.co/EgjzHysWv6,Temukan Smartwatch Xiaomi Mibro Air Global Version Full HD Watch Face dengan potongan  Hanya Rp  Dapatkan segera di Shopee ShopeeID,temukan smartwatch xiaomi mibro air global version full hd watch face dengan potongan  hanya rp  dapatkan segera di shopee shopeeid,temukan smartwatch xiaomi mibro air global version full hd watch face dengan potongan hanya rp dapatkan segera di shopee shopeeid,"['temukan', 'smartwatch', 'xiaomi', 'mibro', 'air', 'global', 'version', 'full', 'hd', 'watch', 'face', 'dengan', 'potongan', 'hanya', 'rp', 'dapatkan', 'segera', 'di', 'shopee', 'shopeeid']","['temukan', 'smartwatch', 'xiaomi', 'mibro', 'air', 'global', 'version', 'full', 'hd', 'watch', 'face', 'potongan', 'rp', 'dapatkan', 'di', 'shopee', 'shopeeid']",temu smartwatch xiaomi mibro air global version full hd watch face potong rp dapat di shopee shopeeid
2022-02-06 11:03:33,pasitry,yang pake samsung aku mau nanya donggg.. aplikasi tertentu datanya bisa di matiin gitu gaa sihh kayak xiaomi sama iphone???,yang pake samsung aku mau nanya donggg aplikasi tertentu datanya bisa di matiin gitu gaa sihh kayak xiaomi sama iphone,yang pake samsung aku mau nanya donggg aplikasi tertentu datanya bisa di matiin gitu gaa sihh kayak xiaomi sama iphone,yang pakai samsung aku mau tanya dong aplikasi tertentu datanya bisa di matiin begitu enggak sih kayak xiaomi sama iphone,"['yang', 'pakai', 'samsung', 'aku', 'mau', 'tanya', 'dong', 'aplikasi', 'tertentu', 'datanya', 'bisa', 'di', 'matiin', 'begitu', 'enggak', 'sih', 'kayak', 'xiaomi', 'sama', 'iphone']","['pake', 'samsung', 'aku', 'mau', 'nanya', 'donggg', 'aplikasi', 'tertentu', 'datanya', 'di', 'matiin', 'gitu', 'gaa', 'sihh', 'kayak', 'xiaomi', 'sama', 'iphone']",pake samsung aku mau nanya donggg aplikasi tentu data di matiin gitu gaa sihh kayak xiaomi sama iphone
2022-02-06 10:57:01,BeritaSubang_PR,Bocoran Penampakan Smartphone Xiaomi 12 Mini Muncul ke Permukaan dengan Spesifikasi Gahar dalam Bodi Mungil https://t.co/hoFeQrNgti,Bocoran Penampakan Smartphone Xiaomi  Mini Muncul ke Permukaan dengan Spesifikasi Gahar dalam Bodi Mungil,bocoran penampakan smartphone xiaomi  mini muncul ke permukaan dengan spesifikasi gahar dalam bodi mungil,bocoran penampakan smartphone xiaomi mini muncul ke permukaan dengan spesifikasi gahar dalam bodi mungil,"['bocoran', 'penampakan', 'smartphone', 'xiaomi', 'mini', 'muncul', 'ke', 'permukaan', 'dengan', 'spesifikasi', 'gahar', 'dalam', 'bodi', 'mungil']","['bocoran', 'penampakan', 'smartphone', 'xiaomi', 'mini', 'muncul', 'permukaan', 'spesifikasi', 'gahar', 'bodi', 'mungil']",bocor tampak smartphone xiaomi mini muncul muka spesifikasi gahar bodi mungil
2022-02-06 10:54:30,fnotvat,@ziamuhammad @jokikimiyah @rrrrrruto Aku gatau kakk üò≠üò≠üò≠Ini hpku Xiaomi üòÖ,Aku gatau kakk Ini hpku Xiaomi,aku gatau kakk ini hpku xiaomi,aku enggak tau kak ini hpku xiaomi,"['aku', 'enggak', 'tau', 'kak', 'ini', 'hpku', 'xiaomi']","['aku', 'gatau', 'kakk', 'hpku', 'xiaomi']",aku gatau kakk hpku xiaomi
2022-02-06 10:35:22,ManThread_,1. Basike 20000 mAh Power Bank Fast charging Mini LCD Rp79.000https://t.co/fw03Erj7B3 https://t.co/PD7W2wCT8N, Basike  mAh Power Bank Fast charging Mini LCD Rp, basike  mah power bank fast charging mini lcd rp,basike mah power bank fast charging mini lcd rp,"['basike', 'mah', 'power', 'bank', 'fast', 'charging', 'mini', 'lcd', 'rp']","['basike', 'mah', 'power', 'bank', 'fast', 'charging', 'mini', 'lcd', 'rp']",basike mah power bank fast charging mini lcd rp
2022-02-06 10:35:01,tanyakanrl,üíö tunjukin hasil foto hp samsung / xiaomi kalian dong sama sebutin tipenya ya &lt;3,tunjukin hasil foto hp samsung xiaomi kalian dong sama sebutin tipenya ya lt ,tunjukin hasil foto hp samsung xiaomi kalian dong sama sebutin tipenya ya lt ,tunjukkan hasil foto hp samsung xiaomi kalian dong sama sebutin tipenya ya lantai,"['tunjukkan', 'hasil', 'foto', 'hp', 'samsung', 'xiaomi', 'kalian', 'dong', 'sama', 'sebutin', 'tipenya', 'ya', 'lantai']","['tunjukin', 'hasil', 'foto', 'hp', 'samsung', 'xiaomi', 'kalian', 'dong', 'sama', 'sebutin', 'tipenya', 'lt']",tunjukin hasil foto hp samsung xiaomi kalian dong sama sebutin tipe lt
2022-02-06 10:26:17,_diIuc,"@ssefnum realme banyaak nder yang kisaran segitu, atau xiaomi.",realme banyaak nder yang kisaran segitu atau xiaomi,realme banyaak nder yang kisaran segitu atau xiaomi,realme banyak nder yang kisaran segitu atau xiaomi,"['realme', 'banyak', 'nder', 'yang', 'kisaran', 'segitu', 'atau', 'xiaomi']","['realme', 'banyaak', 'nder', 'kisaran', 'segitu', 'xiaomi']",realme banyaak nder kisar segitu xiaomi
2022-02-06 10:19:12,chaeromdaans,"@convomfs Coba nabung beli xiaomi aja nder, murah2 tp kualitas juara sih oke",Coba nabung beli xiaomi aja nder murah tp kualitas juara sih oke,coba nabung beli xiaomi aja nder murah tp kualitas juara sih oke,coba nabung beli xiaomi saja nder murah tapi kualitas juara sih oke,"['coba', 'nabung', 'beli', 'xiaomi', 'saja', 'nder', 'murah', 'tapi', 'kualitas', 'juara', 'sih', 'oke']","['coba', 'nabung', 'beli', 'xiaomi', 'nder', 'murah', 'tp', 'kualitas', 'juara', 'oke']",coba nabung beli xiaomi nder murah tp kualitas juara oke
2022-02-06 10:14:07,doobeebae,@kithmme Xiaomi jg tp gue keyboarnya pake gboard,Xiaomi jg tp gue keyboarnya pake gboard,xiaomi jg tp gue keyboarnya pake gboard,xiaomi juga tapi gue keyboarnya pakai gboard,"['xiaomi', 'juga', 'tapi', 'gue', 'keyboarnya', 'pakai', 'gboard']","['xiaomi', 'jg', 'tp', 'gue', 'keyboarnya', 'pake', 'gboard']",xiaomi jg tp gue keyboarnya pake gboard
2022-02-06 10:12:08,einekleineDame,"Tp ak ttep tim beat sih.Beat-tri-xiaomi, holy trinity ü•∞",Tp ak ttep tim beat sih Beat tri xiaomi holy trinity,tp ak ttep tim beat sih beat tri xiaomi holy trinity,tapi aku tetap tim beat sih beat tri xiaomi holy trinity,"['tapi', 'aku', 'tetap', 'tim', 'beat', 'sih', 'beat', 'tri', 'xiaomi', 'holy', 'trinity']","['tp', 'ak', 'ttep', 'tim', 'beat', 'beat', 'tri', 'xiaomi', 'holy', 'trinity']",tp ak ttep tim beat beat tri xiaomi holy trinity
2022-02-06 10:12:04,doobeebae,@kithmme Annyeonghaseyo xiaomi senpai üôáüèª‚Äç‚ôÄÔ∏è,Annyeonghaseyo xiaomi senpai,annyeonghaseyo xiaomi senpai,annyeonghaseyo xiaomi senpai,"['annyeonghaseyo', 'xiaomi', 'senpai']","['annyeonghaseyo', 'xiaomi', 'senpai']",annyeonghaseyo xiaomi senpai
2022-02-06 10:03:23,WBAaddict,"Itu Redmi note 13, kenapa sih pada negatif thinking? Member jeketi pasti pake Xiaomi lah, ga mungkin pake hp lain. https://t.co/wxSFnwNhlk",Itu Redmi note  kenapa sih pada negatif thinking Member jeketi pasti pake Xiaomi lah ga mungkin pake hp lain,itu redmi note  kenapa sih pada negatif thinking member jeketi pasti pake xiaomi lah ga mungkin pake hp lain,itu redmi note kenapa sih pada negatif thinking member jeketi pasti pakai xiaomi lah enggak mungkin pakai hp lain,"['itu', 'redmi', 'note', 'kenapa', 'sih', 'pada', 'negatif', 'thinking', 'member', 'jeketi', 'pasti', 'pakai', 'xiaomi', 'lah', 'enggak', 'mungkin', 'pakai', 'hp', 'lain']","['redmi', 'note', 'sih', 'negatif', 'thinking', 'member', 'jeketi', 'pake', 'xiaomi', 'lah', 'mungkin', 'pake', 'hp']",redmi note sih negatif thinking member jeket pake xiaomi lah mungkin pake hp
2022-02-06 10:01:12,raramaaruf,Uhh pelayanan xiaomi TSM cibubur buruk sekaliiiii. Ada gg mas2nya boloy ga nyambung üò≠ mau bayar nunggu 30 mnt katanya gangguan. Tp orang lain baru dateng trus bayar bisa. Aneh sampe bingung nunggu apaan,Uhh pelayanan xiaomi TSM cibubur buruk sekaliiiii Ada gg masnya boloy ga nyambung mau bayar nunggu  mnt katanya gangguan Tp orang lain baru dateng trus bayar bisa Aneh sampe bingung nunggu apaan,uhh pelayanan xiaomi tsm cibubur buruk sekaliiiii ada gg masnya boloy ga nyambung mau bayar nunggu  mnt katanya gangguan tp orang lain baru dateng trus bayar bisa aneh sampe bingung nunggu apaan,uh pelayanan xiaomi tsm cibubur buruk sekali ada enggak masnya boloy enggak menyambung mau bayar menunggu minta katanya gangguan tapi orang lain baru datang terus bayar bisa aneh sampai bingung menunggu apaan,"['uh', 'pelayanan', 'xiaomi', 'tsm', 'cibubur', 'buruk', 'sekali', 'ada', 'enggak', 'masnya', 'boloy', 'enggak', 'menyambung', 'mau', 'bayar', 'menunggu', 'minta', 'katanya', 'gangguan', 'tapi', 'orang', 'lain', 'baru', 'datang', 'terus', 'bayar', 'bisa', 'aneh', 'sampai', 'bingung', 'menunggu', 'apaan']","['uhh', 'pelayanan', 'xiaomi', 'tsm', 'cibubur', 'buruk', 'sekaliiiii', 'gg', 'masnya', 'boloy', 'nyambung', 'mau', 'bayar', 'nunggu', 'mnt', 'katanya', 'gangguan', 'tp', 'orang', 'baru', 'dateng', 'trus', 'bayar', 'aneh', 'sampe', 'bingung', 'nunggu', 'apaan']",uhh layan xiaomi tsm cibubur buruk sekaliiiii gg mas boloy nyambung mau bayar nunggu mnt kata ganggu tp orang baru dateng trus bayar aneh sampe bingung nunggu apa
2022-02-06 09:48:46,salmannnarif,punten abdi mah make xiaomi https://t.co/jreulV14rk,punten abdi mah make xiaomi,punten abdi mah make xiaomi,punten abdi mah memakai xiaomi,"['punten', 'abdi', 'mah', 'memakai', 'xiaomi']","['punten', 'abdi', 'mah', 'make', 'xiaomi']",punten abdi mah make xiaomi
2022-02-06 09:45:54,jaythinkers,"@khchenri tema xiaomi sih, ini namanya https://t.co/rPTMfyaOfE",tema xiaomi sih ini namanya,tema xiaomi sih ini namanya,tema xiaomi sih ini namanya,"['tema', 'xiaomi', 'sih', 'ini', 'namanya']","['tema', 'xiaomi', 'ini', 'namanya']",tema xiaomi ini nama
2022-02-06 09:38:38,hakimden_o,@meeglng Ntahlah..aku tak expect pape pun..sebab xiaomi..kalau samsung ke ip ke..expect lebih gak wkwkwk,Ntahlah aku tak expect pape pun sebab xiaomi kalau samsung ke ip ke expect lebih gak wkwkwk,ntahlah aku tak expect pape pun sebab xiaomi kalau samsung ke ip ke expect lebih gak wkwkwk,ntahlah aku tak expect pape pun sebab xiaomi kalau samsung ke ip ke expect lebih enggak wkwkwk,"['ntahlah', 'aku', 'tak', 'expect', 'pape', 'pun', 'sebab', 'xiaomi', 'kalau', 'samsung', 'ke', 'ip', 'ke', 'expect', 'lebih', 'enggak', 'wkwkwk']","['ntahlah', 'aku', 'tak', 'expect', 'pape', 'sebab', 'xiaomi', 'kalau', 'samsung', 'ip', 'expect', 'lebih', 'wkwkwk']",ntahlah aku tak expect pape sebab xiaomi kalau samsung ip expect lebih wkwkwk
2022-02-06 09:30:03,keropikoo,@ShopeeID Bismillah xiaomi mi 10 min,Bismillah xiaomi mi  min,bismillah xiaomi mi  min,bismillah xiaomi mi min,"['bismillah', 'xiaomi', 'mi', 'min']","['bismillah', 'xiaomi', 'mi']",bismillah xiaomi mi
2022-02-06 09:29:12,houseofgadget_,Xiaomi Yi Action Camera Travel Edition. Pemesanan langsung hubungi ke kontak di bio ya :) #jualxiaomiyi ^TB https://t.co/p7ppdGpTJ1,Xiaomi Yi Action Camera Travel Edition Pemesanan langsung hubungi ke kontak di bio ya jualxiaomiyi TB,xiaomi yi action camera travel edition pemesanan langsung hubungi ke kontak di bio ya jualxiaomiyi tb,xiaomi yi action camera travel edition pemesanan langsung hubungi ke kontak di bio ya jualxiaomiyi tb,"['xiaomi', 'yi', 'action', 'camera', 'travel', 'edition', 'pemesanan', 'langsung', 'hubungi', 'ke', 'kontak', 'di', 'bio', 'ya', 'jualxiaomiyi', 'tb']","['xiaomi', 'yi', 'action', 'camera', 'travel', 'edition', 'pemesanan', 'langsung', 'hubungi', 'kontak', 'bio', 'jualxiaomiyi', 'tb']",xiaomi yi action camera travel edition mesan langsung hubung kontak bio jualxiaomiyi tb
2022-02-06 09:27:28,moodychoco,@xiaomi_pocophon kenapa? :(,pocophon kenapa,pocophon kenapa,pocophon kenapa,"['pocophon', 'kenapa']",['pocophon'],pocophon
2022-02-06 09:25:28,tatimmmmus,@imamroymalik @marcminie Selain xiaomi gabisa ya?,Selain xiaomi gabisa ya,selain xiaomi gabisa ya,selain xiaomi enggak bisa ya,"['selain', 'xiaomi', 'enggak', 'bisa', 'ya']","['xiaomi', 'gabisa']",xiaomi gabisa
2022-02-06 09:15:02,PackStore2,"Xiaomi MI 11 lite 128GB / ram 6GB 146,000SDG https://t.co/9SaMP2FxeN",Xiaomi MI  lite GB ram GB  SDG,xiaomi mi  lite gb ram gb  sdg,xiaomi mi lite gb ram gb sedang,"['xiaomi', 'mi', 'lite', 'gb', 'ram', 'gb', 'sedang']","['xiaomi', 'mi', 'lite', 'gb', 'ram', 'gb', 'sdg']",xiaomi mi lite gb ram gb sdg
2022-02-06 09:14:38,xxabeyouu,Yg hp nya Xiaomi atw redmi lal,Yg hp nya Xiaomi atw redmi lal,yg hp nya xiaomi atw redmi lal,yang hp nya xiaomi atau redmi lal,"['yang', 'hp', 'nya', 'xiaomi', 'atau', 'redmi', 'lal']","['hp', 'xiaomi', 'atw', 'redmi', 'lal']",hp xiaomi atw redmi lal
2022-02-06 09:13:02,hellobujang,@mlbbfess Xiaomi redmi note 8 pro kalo main suka ngeframe itu kenapa ya kira kira?,Xiaomi redmi note  pro kalo main suka ngeframe itu kenapa ya kira kira,xiaomi redmi note  pro kalo main suka ngeframe itu kenapa ya kira kira,xiaomi redmi note pro kalo main suka ngeframe itu kenapa ya kira kira,"['xiaomi', 'redmi', 'note', 'pro', 'kalo', 'main', 'suka', 'ngeframe', 'itu', 'kenapa', 'ya', 'kira', 'kira']","['xiaomi', 'redmi', 'note', 'pro', 'main', 'suka', 'ngeframe', 'kenapa', 'kira', 'kira']",xiaomi redmi note pro main suka ngeframe kenapa kira kira
2022-02-06 09:10:00,RistaFuji,"Apakah Kamar Shani akan menggantikan Rumah Uma? ü§≠ü§≠Bagus juga Shani mulai mengeksplorasi skill host nya. Lebih rileks keliatannya dari acara Xiaomi, secara di Theater hehe",Apakah Kamar Shani akan menggantikan Rumah Uma Bagus juga Shani mulai mengeksplorasi skill host nya Lebih rileks keliatannya dari acara Xiaomi secara di Theater hehe,apakah kamar shani akan menggantikan rumah uma bagus juga shani mulai mengeksplorasi skill host nya lebih rileks keliatannya dari acara xiaomi secara di theater hehe,apakah kamar shani akan menggantikan rumah uma bagus juga shani mulai mengeksplorasi skill host nya lebih rileks kelihatannya dari acara xiaomi secara di theater hehe,"['apakah', 'kamar', 'shani', 'akan', 'menggantikan', 'rumah', 'uma', 'bagus', 'juga', 'shani', 'mulai', 'mengeksplorasi', 'skill', 'host', 'nya', 'lebih', 'rileks', 'kelihatannya', 'dari', 'acara', 'xiaomi', 'secara', 'di', 'theater', 'hehe']","['kamar', 'shani', 'menggantikan', 'rumah', 'uma', 'bagus', 'shani', 'mulai', 'mengeksplorasi', 'skill', 'host', 'lebih', 'rileks', 'keliatannya', 'acara', 'xiaomi', 'di', 'theater']",kamar shani ganti rumah uma bagus shani mulai eksplorasi skill host lebih rileks liat acara xiaomi di theater
2022-02-06 08:56:18,XPhone168,Hp SuperCopy Xiaomi Mi3 Rp 1.650.000 More Info Pin :7FBD640F,Hp SuperCopy Xiaomi Mi Rp    More Info Pin FBDF,hp supercopy xiaomi mi rp    more info pin fbdf,hp supercopy xiaomi mi rp more info pin fbdf,"['hp', 'supercopy', 'xiaomi', 'mi', 'rp', 'more', 'info', 'pin', 'fbdf']","['hp', 'supercopy', 'xiaomi', 'mi', 'rp', 'more', 'info', 'pin', 'fbdf']",hp supercopy xiaomi mi rp more info pin fbdf
2022-02-06 08:56:05,jefrosthor,@convomf Xiaomi nya ada tiga?,Xiaomi nya ada tiga,xiaomi nya ada tiga,xiaomi nya ada tiga,"['xiaomi', 'nya', 'ada', 'tiga']","['xiaomi', 'ada', 'tiga']",xiaomi ada tiga
2022-02-06 08:49:01,Valtrson,@el3peng Komtol penipuan pakai xiaomi,Komtol penipuan pakai xiaomi,komtol penipuan pakai xiaomi,komtol penipuan pakai xiaomi,"['komtol', 'penipuan', 'pakai', 'xiaomi']","['komtol', 'penipuan', 'pakai', 'xiaomi']",komtol tipu pakai xiaomi
2022-02-06 08:45:24,kiraa_______,"@FtwVickey @iamFirki Ek hi do option rehte hai mobile mai , Xiaomi ka budget mai , one plus ka thoda premium mai aur fir samsung iPhone ... Realme mujhe bekaar lgta hai...Ek Huawei accha brand tha wo dispute ki wjh se bnd krdiya ...",Ek hi do option rehte hai mobile mai Xiaomi ka budget mai one plus ka thoda premium mai aur fir samsung iPhone Realme mujhe bekaar lgta hai Ek Huawei accha brand tha wo dispute ki wjh se bnd krdiya,ek hi do option rehte hai mobile mai xiaomi ka budget mai one plus ka thoda premium mai aur fir samsung iphone realme mujhe bekaar lgta hai ek huawei accha brand tha wo dispute ki wjh se bnd krdiya,ek hi di option rehte hai mobile mau xiaomi kak budget mau one plus kak thoda premium mau aur fir samsung iphone realme mujhe bekaar lgta hai ek huawei accha brand tha wo dispute ki wajah se bnd krdiya,"['ek', 'hi', 'di', 'option', 'rehte', 'hai', 'mobile', 'mau', 'xiaomi', 'kak', 'budget', 'mau', 'one', 'plus', 'kak', 'thoda', 'premium', 'mau', 'aur', 'fir', 'samsung', 'iphone', 'realme', 'mujhe', 'bekaar', 'lgta', 'hai', 'ek', 'huawei', 'accha', 'brand', 'tha', 'wo', 'dispute', 'ki', 'wajah', 'se', 'bnd', 'krdiya']","['ek', 'hi', 'do', 'option', 'rehte', 'hai', 'mobile', 'mai', 'xiaomi', 'ka', 'budget', 'mai', 'one', 'plus', 'ka', 'thoda', 'premium', 'mai', 'aur', 'fir', 'samsung', 'iphone', 'realme', 'mujhe', 'bekaar', 'lgta', 'hai', 'ek', 'huawei', 'accha', 'brand', 'tha', 'wo', 'dispute', 'ki', 'wjh', 'se', 'bnd', 'krdiya']",ek hi do option rehte hai mobile mai xiaomi ka budget mai one plus ka thoda premium mai aur fir samsung iphone realme mujhe bekaar lgta hai ek huawei accha brand tha wo dispute ki wjh se bnd krdiya
2022-02-06 08:32:38,imamroymalik,@sweetkimaa @marcminie Hp xiaomi merek apa. Terus belinya baru apa bekas.,Hp xiaomi merek apa Terus belinya baru apa bekas,hp xiaomi merek apa terus belinya baru apa bekas,hp xiaomi merek apa terus belinya baru apa bekas,"['hp', 'xiaomi', 'merek', 'apa', 'terus', 'belinya', 'baru', 'apa', 'bekas']","['hp', 'xiaomi', 'merek', 'terus', 'belinya', 'baru', 'bekas']",hp xiaomi merek terus beli baru bekas
2022-02-06 08:24:54,ybramadhan_,@mlbbfess XIAOMI NOTE 8 MASIH LANCAR JAYA,XIAOMI NOTE  MASIH LANCAR JAYA,xiaomi note  masih lancar jaya,xiaomi note masih lancar jaya,"['xiaomi', 'note', 'masih', 'lancar', 'jaya']","['xiaomi', 'note', 'lancar', 'jaya']",xiaomi note lancar jaya
2022-02-06 08:21:56,lelegoyeng_,"@sacredtimelines @mlbbfess Eh dulu aku pake xiaomi note 4 enak lo mainnya, gatau deh sekarangPas pindah ke samsul malah aneh üò≠",Eh dulu aku pake xiaomi note  enak lo mainnya gatau deh sekarangPas pindah ke samsul malah aneh,eh dulu aku pake xiaomi note  enak lo mainnya gatau deh sekarangpas pindah ke samsul malah aneh,eh dulu aku pakai xiaomi note enak lo mainnya enggak tau deh sekarangpas pindah ke samsul malah aneh,"['eh', 'dulu', 'aku', 'pakai', 'xiaomi', 'note', 'enak', 'lo', 'mainnya', 'enggak', 'tau', 'deh', 'sekarangpas', 'pindah', 'ke', 'samsul', 'malah', 'aneh']","['eh', 'dulu', 'aku', 'pake', 'xiaomi', 'note', 'enak', 'lo', 'mainnya', 'gatau', 'deh', 'sekarangpas', 'pindah', 'samsul', 'malah', 'aneh']",eh dulu aku pake xiaomi note enak lo main gatau deh sekarangpas pindah samsul malah aneh
2022-02-06 08:20:31,AdvGadget,Dengan desain yang elegena membuat Xiaomi Mi4 ini terlihat sangat mewah serta enak di lihat ...Mau tau spesifikasi selengkapnya? Yuk lihat harga serta spesifikasi selengkapnya disini ...https://t.co/VszaiduY2f,Dengan desain yang elegena membuat Xiaomi Mi ini terlihat sangat mewah serta enak di lihat Mau tau spesifikasi selengkapnya Yuk lihat harga serta spesifikasi selengkapnya disini,dengan desain yang elegena membuat xiaomi mi ini terlihat sangat mewah serta enak di lihat mau tau spesifikasi selengkapnya yuk lihat harga serta spesifikasi selengkapnya disini,dengan desain yang elegena membuat xiaomi mi ini terlihat sangat mewah serta enak di lihat mau tau spesifikasi selengkapnya yuk lihat harga serta spesifikasi selengkapnya disini,"['dengan', 'desain', 'yang', 'elegena', 'membuat', 'xiaomi', 'mi', 'ini', 'terlihat', 'sangat', 'mewah', 'serta', 'enak', 'di', 'lihat', 'mau', 'tau', 'spesifikasi', 'selengkapnya', 'yuk', 'lihat', 'harga', 'serta', 'spesifikasi', 'selengkapnya', 'disini']","['desain', 'elegena', 'membuat', 'xiaomi', 'mi', 'terlihat', 'sangat', 'mewah', 'enak', 'lihat', 'mau', 'spesifikasi', 'selengkapnya', 'yuk', 'lihat', 'harga', 'spesifikasi', 'selengkapnya', 'disini']",desain elegena buat xiaomi mi lihat sangat mewah enak lihat mau spesifikasi lengkap yuk lihat harga spesifikasi lengkap sini
2022-02-06 08:16:23,BAZZONESIA,üì∑ Bunga. #XiaomiCollective #XiaomiRedmiNote10 #Xiaomi_ID https://t.co/PdCenqvq8F https://t.co/CNT80FjGvt,Bunga XiaomiCollective XiaomiRedmiNote Xiaomi ID,bunga xiaomicollective xiaomiredminote xiaomi id,bunga xiaomicollective xiaomiredminote xiaomi id,"['bunga', 'xiaomicollective', 'xiaomiredminote', 'xiaomi', 'id']","['bunga', 'xiaomicollective', 'xiaomiredminote', 'xiaomi', 'id']",bunga xiaomicollective xiaomiredminote xiaomi id
2022-02-06 08:16:21,BAZZONESIA,Bunga.#XiaomiCollective  #XiaomiRedmiNote10 #Xiaomi_ID https://t.co/nDaJ0EMX3a,Bunga XiaomiCollective XiaomiRedmiNote Xiaomi ID,bunga xiaomicollective xiaomiredminote xiaomi id,bunga xiaomicollective xiaomiredminote xiaomi id,"['bunga', 'xiaomicollective', 'xiaomiredminote', 'xiaomi', 'id']","['bunga', 'xiaomicollective', 'xiaomiredminote', 'xiaomi', 'id']",bunga xiaomicollective xiaomiredminote xiaomi id
2022-02-06 08:16:03,yunusevan,"Aksi Barongsai di Kirab Sudiroprajan, SoloTaken with Redmi Note 8#MiMomentsCNY@XiaomiIndonesiaYuk abadikan moment tahun baru imlek dengan xiaomi @VKesworo @YudyBento https://t.co/Hvi2rCtOaM",Aksi Barongsai di Kirab Sudiroprajan SoloTaken with Redmi Note  MiMomentsCNY abadikan moment tahun baru imlek dengan xiaomi,aksi barongsai di kirab sudiroprajan solotaken with redmi note  mimomentscny abadikan moment tahun baru imlek dengan xiaomi,aksi barongsai di kirab sudiroprajan solotaken with redmi note mimomentscny abadikan moment tahun baru imlek dengan xiaomi,"['aksi', 'barongsai', 'di', 'kirab', 'sudiroprajan', 'solotaken', 'with', 'redmi', 'note', 'mimomentscny', 'abadikan', 'moment', 'tahun', 'baru', 'imlek', 'dengan', 'xiaomi']","['aksi', 'barongsai', 'kirab', 'sudiroprajan', 'solotaken', 'with', 'redmi', 'note', 'mimomentscny', 'abadikan', 'moment', 'tahun', 'baru', 'imlek', 'xiaomi']",aksi barongsai kirab sudiroprajan solotaken with redmi note mimomentscny abadi moment tahun baru imlek xiaomi
2022-02-06 08:11:49,AmeriaFirdauzy,@LordCondet Ayo semangat Xiaomi. Sehat2 ya üí™,Ayo semangat Xiaomi Sehat ya,ayo semangat xiaomi sehat ya,ayo semangat xiaomi sehat ya,"['ayo', 'semangat', 'xiaomi', 'sehat', 'ya']","['ayo', 'semangat', 'xiaomi', 'sehat']",ayo semangat xiaomi sehat
2022-02-06 08:01:54,sweetkimaa,"@bangtanuntoldx @loafssperth mjb mau nanya dong ,misal nih kan kalo mau ganti font dr xiaomi harus di muat ulang ya terus nyalanya cepet nggak? soalnya punyaku kalo HP nya mati trs dinyalain ga langsung nyala tapi bisa nyala lagi satu jam gatau kenapa Ada yang tau nggak ya kenapa kira-kira kaya gt",mjb mau nanya dong misal nih kan kalo mau ganti font dr xiaomi harus di muat ulang ya terus nyalanya cepet nggak soalnya punyaku kalo HP nya mati trs dinyalain ga langsung nyala tapi bisa nyala lagi satu jam gatau kenapa Ada yang tau nggak ya kenapa kira kira kaya gt,mjb mau nanya dong misal nih kan kalo mau ganti font dr xiaomi harus di muat ulang ya terus nyalanya cepet nggak soalnya punyaku kalo hp nya mati trs dinyalain ga langsung nyala tapi bisa nyala lagi satu jam gatau kenapa ada yang tau nggak ya kenapa kira kira kaya gt,mjb mau tanya dong misal nih kan kalo mau ganti font dari xiaomi harus di muat ulang ya terus nyalanya cepat enggak soalnya punyaku kalo hp nya mati terus dinyalain enggak langsung nyala tapi bisa nyala lagi satu jam enggak tau kenapa ada yang tau enggak ya kenapa kira kira kayak begitu,"['mjb', 'mau', 'tanya', 'dong', 'misal', 'nih', 'kan', 'kalo', 'mau', 'ganti', 'font', 'dari', 'xiaomi', 'harus', 'di', 'muat', 'ulang', 'ya', 'terus', 'nyalanya', 'cepat', 'enggak', 'soalnya', 'punyaku', 'kalo', 'hp', 'nya', 'mati', 'terus', 'dinyalain', 'enggak', 'langsung', 'nyala', 'tapi', 'bisa', 'nyala', 'lagi', 'satu', 'jam', 'enggak', 'tau', 'kenapa', 'ada', 'yang', 'tau', 'enggak', 'ya', 'kenapa', 'kira', 'kira', 'kayak', 'begitu']","['mjb', 'mau', 'nanya', 'dong', 'misal', 'kan', 'mau', 'ganti', 'font', 'dr', 'xiaomi', 'di', 'muat', 'ulang', 'terus', 'nyalanya', 'cepet', 'soalnya', 'punyaku', 'hp', 'mati', 'trs', 'dinyalain', 'langsung', 'nyala', 'bisa', 'nyala', 'satu', 'jam', 'gatau', 'ada', 'tau', 'ya', 'kira', 'kira', 'kaya', 'gt']",mjb mau nanya dong misal kan mau ganti font dr xiaomi di muat ulang terus nyala cepet soal punya hp mati trs dinyalain langsung nyala bisa nyala satu jam gatau ada tau ya kira kira kaya gt
2022-02-06 07:57:28,LordCondet,"Sobat babu kocheng, hari ini Xiaomi sakit dan kagak mau makan. Doain lekas sehat lagi ye. Makasih. üôèüèªBiasanye doi lincah lompat2an. üò≠ https://t.co/Um0GQX7ayd",Sobat babu kocheng hari ini Xiaomi sakit dan kagak mau makan Doain lekas sehat lagi ye Makasih Biasanye doi lincah lompatan,sobat babu kocheng hari ini xiaomi sakit dan kagak mau makan doain lekas sehat lagi ye makasih biasanye doi lincah lompatan,sobat babu kocheng hari ini xiaomi sakit dan kagak mau makan doain lekas sehat lagi ye terima kasih biasanye doi lincah lompatan,"['sobat', 'babu', 'kocheng', 'hari', 'ini', 'xiaomi', 'sakit', 'dan', 'kagak', 'mau', 'makan', 'doain', 'lekas', 'sehat', 'lagi', 'ye', 'terima', 'kasih', 'biasanye', 'doi', 'lincah', 'lompatan']","['sobat', 'babu', 'kocheng', 'hari', 'xiaomi', 'sakit', 'kagak', 'mau', 'makan', 'doain', 'lekas', 'sehat', 'ye', 'makasih', 'biasanye', 'doi', 'lincah', 'lompatan']",sobat babu kocheng hari xiaomi sakit kagak mau makan doain lekas sehat ye makasih biasanye doi lincah lompat
2022-02-06 07:56:33,menujubigwin22,@imamroymalik @marcminie ini hp xiaomi tipe apa kak?,ini hp xiaomi tipe apa kak,ini hp xiaomi tipe apa kak,ini hp xiaomi tipe apa kak,"['ini', 'hp', 'xiaomi', 'tipe', 'apa', 'kak']","['hp', 'xiaomi', 'tipe', 'kak']",hp xiaomi tipe kak
2022-02-06 07:54:08,maghfurrrrrr,Mencoba peruntungan dengan xiaomi wkw,Mencoba peruntungan dengan xiaomi wkw,mencoba peruntungan dengan xiaomi wkw,mencoba peruntungan dengan xiaomi wkw,"['mencoba', 'peruntungan', 'dengan', 'xiaomi', 'wkw']","['mencoba', 'peruntungan', 'xiaomi', 'wkw']",coba untung xiaomi wkw
2022-02-06 07:52:03,arfdtm,@tsidazizy Jam xiaomi ku minder liat ini,Jam xiaomi ku minder liat ini,jam xiaomi ku minder liat ini,jam xiaomi ku minder lihat ini,"['jam', 'xiaomi', 'ku', 'minder', 'lihat', 'ini']","['jam', 'xiaomi', 'ku', 'minder', 'liat']",jam xiaomi ku minder liat
2022-02-06 07:44:35,RizkiPucuKiki24,"Udh lah Xiaomi apa engkau berpikir bahwa isi hape mu adalah org yg kamu sayang dan org yg ada di dunia mu..... Begitu juga dengan ku.... Maka dari itu jadikanlah ini semua nyata, dan ada di kehidupanku yg sebenarnya......",Udh lah Xiaomi apa engkau berpikir bahwa isi hape mu adalah org yg kamu sayang dan org yg ada di dunia mu Begitu juga dengan ku Maka dari itu jadikanlah ini semua nyata dan ada di kehidupanku yg sebenarnya,udh lah xiaomi apa engkau berpikir bahwa isi hape mu adalah org yg kamu sayang dan org yg ada di dunia mu begitu juga dengan ku maka dari itu jadikanlah ini semua nyata dan ada di kehidupanku yg sebenarnya,sudah lah xiaomi apa engkau berpikir bahwa isi hape mu adalah orang yang kamu sayang dan orang yang ada di dunia mu begitu juga dengan ku maka dari itu jadikanlah ini semua nyata dan ada di kehidupanku yang sebenarnya,"['sudah', 'lah', 'xiaomi', 'apa', 'engkau', 'berpikir', 'bahwa', 'isi', 'hape', 'mu', 'adalah', 'orang', 'yang', 'kamu', 'sayang', 'dan', 'orang', 'yang', 'ada', 'di', 'dunia', 'mu', 'begitu', 'juga', 'dengan', 'ku', 'maka', 'dari', 'itu', 'jadikanlah', 'ini', 'semua', 'nyata', 'dan', 'ada', 'di', 'kehidupanku', 'yang', 'sebenarnya']","['udh', 'lah', 'xiaomi', 'engkau', 'berpikir', 'isi', 'hape', 'mu', 'org', 'kamu', 'sayang', 'org', 'ada', 'dunia', 'mu', 'juga', 'ku', 'dari', 'jadikanlah', 'semua', 'nyata', 'ada', 'kehidupanku', 'sebenarnya']",udh lah xiaomi engkau pikir isi hape mu org kamu sayang org ada dunia mu juga ku dari jadi semua nyata ada hidup benar
2022-02-06 07:38:46,ireneindah_p,"Yg bener2 berhasil ngikutin video yutup pas ganti batre hp Asus Zenfone Max Pro M2 sama Xiaomi mi A1.Cuma tetep aja koq keqny di yutup gampang bgt ini koq ngejain sendiri beda banget.Kemudian berasa diboongin, untungnya beneran bisa nyala lagi hpnya üôÉ",Yg bener berhasil ngikutin video yutup pas ganti batre hp Asus Zenfone Max Pro  sama Xiaomi mi  Cuma tetep aja koq keqny di yutup gampang bgt ini koq ngejain sendiri beda banget Kemudian berasa diboongin untungnya beneran bisa nyala lagi hpnya,yg bener berhasil ngikutin video yutup pas ganti batre hp asus zenfone max pro  sama xiaomi mi  cuma tetep aja koq keqny di yutup gampang bgt ini koq ngejain sendiri beda banget kemudian berasa diboongin untungnya beneran bisa nyala lagi hpnya,yang benar berhasil mengikuti video yutup pas ganti batre hp asus zenfone max pro sama xiaomi mi cuma tetap saja kok keqny di yutup gampang banget ini kok ngejain sendiri beda banget kemudian berasa diboongin untungnya benaran bisa nyala lagi hpnya,"['yang', 'benar', 'berhasil', 'mengikuti', 'video', 'yutup', 'pas', 'ganti', 'batre', 'hp', 'asus', 'zenfone', 'max', 'pro', 'sama', 'xiaomi', 'mi', 'cuma', 'tetap', 'saja', 'kok', 'keqny', 'di', 'yutup', 'gampang', 'banget', 'ini', 'kok', 'ngejain', 'sendiri', 'beda', 'banget', 'kemudian', 'berasa', 'diboongin', 'untungnya', 'benaran', 'bisa', 'nyala', 'lagi', 'hpnya']","['bener', 'berhasil', 'ngikutin', 'video', 'yutup', 'pas', 'ganti', 'batre', 'hp', 'asus', 'zenfone', 'max', 'pro', 'sama', 'xiaomi', 'mi', 'cuma', 'tetep', 'koq', 'keqny', 'yutup', 'gampang', 'ini', 'koq', 'ngejain', 'sendiri', 'beda', 'banget', 'kemudian', 'berasa', 'diboongin', 'untungnya', 'beneran', 'nyala', 'hpnya']",bener hasil ngikutin video yutup pas ganti batre hp asus zenfone max pro sama xiaomi mi cuma tetep koq keqny yutup gampang ini koq ngejain sendiri beda banget kemudian asa diboongin untung beneran nyala hpnya
