Mau beli iPhone 10 xs max apalah daya kantong cuma cukup untuk xiaomi redmi note 10 pro ğŸ¤£ğŸ¤£ tabe,mau beli iphone xs max apa daya kantong cuma cukup xiaomi redmi note pro tabe,Netral
@Dira02474408 @DiaIfb Bagi dong kk vidio nya,dong kk vidio nya,Netral
@DiaIfb Bagi vidio nya dong,vidio nya dong,Netral
@tanyakanrl budget brp? samsung / redmi aja,budget brp samsung redmi aja,Netral
"@fyuceu @tanyakanrl Ini mau beli yg Note 10 rencananya sih huhu naksir bngt Cuma kamera ku redmi 4a  masih kece sih, kamera depan nya aja yg bikin burik https://t.co/nSWlwAJhy6",mau beli note rencana sih huhu naksir bngt cuma kamera ku redmi a kece sih kamera depan nya aja bikin burik,Netral
tolong redmi gausah banyak tingkah,redmi gausah banyak tingkah,Positif
"@fyuceu @tanyakanrl Tos kita yuk, tp maap nder gue redmi 4a ğŸ˜­ğŸ™",tos yuk tp maap nder gue redmi a,Netral
"@tanyakanrl Aku pake redmi note 9, kameranya bagus kok https://t.co/B2bMxuUyjO",aku pake redmi note kamera bagus kok,Positif
"@tanyakanrl Redmi note 9/10 Mayan juga harganya hikd 2,9- 3jt up",redmi note mayan harga hikd jt up,Netral
harga redmi 9 akhir tahun 2020,harga redmi akhir tahun,Netral
@ARKFESS Size game yg bisa dipahami yes dibanding gaem lain..jadi buat hape ram 3/32 masi bisa ngangkat (tmen uwe malah main di redmi 6a dan itu masi playable wkwkwk)Developernya sendiri (Hai Mao) jg niat bnget ngerawat ekosistem buat para artis sehingga bnyak bgt fanart dari mum-dadnya,size game paham yes banding gaem jadi buat hape ram mas bisa ngangkat tmen uwe malah main redmi a itu mas playable wkwkwk developer sendiri hai mao jg niat bnget ngerawat ekosistem buat artis bnyak bgt fanart mum dad,Positif
Redmi note 8 knp dh cepet abis batrenyağŸ˜„ğŸ˜„ğŸ˜„ğŸ˜„ğŸ’”ğŸ’”ğŸ’”ğŸ’”ğŸ’”ğŸ’”ğŸ’”ğŸ’”GAMPANG PANAS LAGI,redmi note knp dh cepet abis batrenya gampang panas,Positif
Ya Allah mau beli redmi buds tapi cravity comeback jugaa ğŸ™ğŸ»,allah mau beli redmi buds cravity comeback jugaa,Netral
"Hacks ini udah teruji di user samsung, xiaomi sama redmi ya sejauh ini . Buat hp yang lain aku nanti ttp bantu semampu akuâ¤â¤ https://t.co/xykwDCBnJY",hacks udah uji user samsung xiaomi sama redmi jauh buat hp lain aku ttp bantu mampu aku,Negatif
"Walaupun bulky tetep saya cinta karena seri MI pertama gw 4 tahun pake Redmi melulu, keknya buat ngelempar kepala orang aja benjol palanya saking beratnya wkwkw, SD 865 masih lumayan kalo buat ukuran cewe yg kaga begitu demen ngegame pake Refresh Rate tinggi https://t.co/4ssCno4t2t",walaupun bulky tetep cinta seri mi pertama gw tahun pake redmi melulu kek buat ngelempar kepala orang aja benjol pala saking berat wkwkw sd lumayan kalo buat ukur cewe kaga demen ngegame pake refresh rate tinggi,Positif
Tapi hp q redmi.. Kartuku m3.. Kayaknya belum jodoh.. ğŸ˜œğŸ˜œğŸ˜œğŸ˜œ#dolankebumen#kebumen https://t.co/OdyJy8O0wE,hp q redmi kartu m kayak jodoh dolankebumen kebumen,Netral
Xiaomi = beras kecilRedmi = beras merahNER UGA https://t.co/0GQooWtsz9,xiaomi beras kecilredmi beras merahner uga,Netral
9 bulan nggo nyicil hape yo mayan lah intuk redmi note 11 ğŸ¤£ğŸ¤£ğŸ¤£,bulan nggo nyicil hape yo mayan lah intuk redmi note,Netral
Saya menjual BARU XIAOMI MI RED... seharga Rp1.550.000. Dapatkan di Shopee sekarang! https://t.co/dtWZRXSL1u #ShopeeID https://t.co/NEQYHJ1HTm,jual baru xiaomi mi red harga rp dapat shopee sekarang shopeeid,Positif
"@babufess mobile, redmi note 8 grafik paling rendah aowkwowk, kecuali quest yang ada husbu waifu/fto biasanya medium or highest",mobile redmi note grafik paling rendah aowkwowk quest ada husbu waifu fto biasa medium or highest,Positif
"@beamessages kalo untuk penyimpanan mendiny redmi, kalo samsung keknya banyak app bawaan hp gitu",kalo simpan mendiny redmi kalo samsung kek banyak app bawa hp gitu,Positif
@bleachedmauve Ak mlh senang ga menang. Bayangin aja kalo user redmi 5plus ngalahin dslr,ak mlh senang ga menang bayangin aja kalo user redmi plus ngalahin dslr,Positif
"beyb menurut kalian kalo buat ngebea + kerja online tuh lebih worth it beyi sumsang a32 atau siomi redmi note 10 ya?:( keduanya 5g, tapi aku bingung banget :( soalnya aku suka nyimpen banyak di hape :( TIA! &lt;3",beyb kalian kalo buat ngebea kerja online tuh lebih worth it beyi sumsang a siomi redmi note dua g aku bingung banget soal aku suka nyimpen banyak hape tia lt,Positif
"@SaintNorSinn3r Iya sony mahal, seharga hape mid-end ğŸ˜… kalau di mistore abis, ya paling beli online. Redmi buds enak buat call sama olahraga",iya sony mahal harga hape mid end kalau mistore abis paling beli online redmi buds enak buat call sama olahraga,Positif
"""Absurd bgt di kantor ada yg gajinya 20jt hapenya Redmi santai aja, yg gajinya 3jt maksa nyicil iPhone 12 sampe skrng kelilit pinjol. I guess frugal living is not for everyone.""",absurd bgt kantor gaji jt hapenya redmi santai aja yg gaji jt maksa nyicil iphone sampe skrng lilit pinjol i guess frugal living is not for everyone,Negatif
@HeySalmaaaa @Xiaomi Hpnya. Aplikasinya gada masalah di hp lain. Sy pake yg satunya _redmi note 10_ ga masalah.,hpnya aplikasi gada masalah hp sy pake satu redmi note ga masalah,Netral
"Infinix Note 11 NFC, HP Harga 2 Jutaan Terbaik Saingan Redmi Note 10s https://t.co/iDFElg2VIH https://t.co/9W0XpyiUg9",infinix note nfc hp harga juta baik saing redmi note s,Positif
Gue beli batre hp buat xiaomi redmi 2 gue. Sayang aja gitu hpnya masih bagus cuma batre yang dulu tuh bengkak. Charging 6 jam gak masukÂ² taunya segelnya belum gue lepas. Bodoh banget emang ğŸ˜…,gue beli batre hp buat xiaomi redmi gue sayang aja gitu hpnya bagus cuma batre dulu tuh bengkak charging jam gak masuk tau segel gue lepas bodoh banget emang,Positif
@banjarbase Redmi note 10S ram 8 memori 128 cesan 33 watt.. Kamera nya mantap,redmi note s ram memori cesan watt kamera nya mantap,Netral
"Mi 11T menggoda sekali, tapi developer custom rom numpuk di Redmi Note 10 ğŸ™‚",mi t goda sekali developer custom rom numpuk redmi note,Netral
Saya menjual Redmi Note 10S second  8/128 seharga Rp. Dapatkan di Shopee sekarang! https://t.co/gv3bpaNpo4 #ShopeeID https://t.co/zYbIDhKeLe,jual redmi note s second harga rp dapat shopee sekarang shopeeid,Netral
"@SmgMenfess2 Redmi note 8 bagus kameranya, batrenya juga awet, kalo di charger juga cepet ngisi",redmi note bagus kamera batrenya awet kalo charger cepet ngisi,Positif
"@sasascacas Redmi note 5 gue ga ada fitur battery health, bentuk kamera kaya iphone x. Mau tukeran?",redmi note gue ga fitur battery health bentuk kamera kaya iphone x mau tukeran,Positif
@SmgMenfess2 Xiaomi redmi seri 9 awet kok ga nyampe 2jt,xiaomi redmi seri awet kok ga nyampe jt,Netral
"@convomfs gini doang, rekomendasi case redmi yang bagus dongg https://t.co/6K2zFWnzka",gin doang rekomendasi case redmi bagus dongg,Positif
@RedmiIndia @Flipkart seandainya mendapatkan hadiah gratis dr redmi..ğŸ™,anda dapat hadiah gratis dr redmi,Positif
@Redevilsnft Njir indo kah hpnya redmi 8?,njir indo hpnya redmi,Netral
@convomfs kamera depan redmi bagus ga si,kamera depan redmi bagus ga si,Positif
ğŸ’­ hp redmi yang bagus apa ya?,hp redmi bagus ya,Positif
ada yg pake redmi? trs uda update miui 12.5.1 ?,yg pake redmi trs uda update miui,Netral
"Tws nya #Aukey is suck, yg bikin sebel itu gw ketipu sama strategi marketing nya yg harga 2jt di coret jd 600k, pdhl value nya gak worth 600k juga. Blm setahun, batre udah ngaco, suka connect sendiri walauoun masih di dlm case. Ah mending beli redmi yg lbh murah.",tws nya aukey is suck bikin sebel gw tipu sama strategi marketing nya harga jt coret jd k pdhl value nya gak worth k blm tahun batre udah ngaco suka connect sendiri walauoun di dlm case ah mending beli redmi lbh murah,Positif
Assalamu Alaikum Ek mobile phone hai Jiska Naam redmi Nahin Hai Jo bahan Lene Mein interested ho please inbox mein contact kar sakta hai03095978101,assalamu alaikum ek mobile phone hai jiska naam redmi nahin hai jo bahan lene mein interested ho please inbox mein contact kar sakta hai,Positif
"@chocolatpurple IyA bgt,  gue minggu lalu beli redmi note 10 pro  d web aja mayan kan selisih 100 k ğŸ˜„",iya bgt gue minggu lalu beli redmi note pro d web aja mayan kan selisih k,Positif
Xiaomi Celular Redmi 10 Sea Blue 4Gb Ram 128Gb ROMÂ US https://t.co/bd8mI6TZhn,xiaomi celular redmi sea blue gb ram gb rom us,Netral
"Euy HP aku redmi note 10 pro, kamari fingerprint na t berfungsi, terus aku restart masih knh te bisa, malah pilihan jang sidik jari na teh ilang, ga ada. aya nu apal teu eta kunaon? HP teh da masih  baru, dua bulan. beli di os na",euy hp aku redmi note pro kamar fingerprint na t fungsi terus aku restart knh te malah pilih jang sidik jari na teh ilang ga aya nu apal teu eta kunaon hp teh da baru bulan beli os na,Positif
@Kushal_roy69 Koi pagal hi redmi le ga GT ME hazar dafa acha ha,roy koi pagal hi redmi le ga gt me hazar dafa acha ha,Positif
"@kostanalter poco m3?redmi note?cari aj yg snapdragon 7++at least harusnya jauh lebih aman di banding mtkdan cari internal yg 128/256 sih, biasanya abis dan berat tuh krna internal udah kebanyakan",poco m redmi note cari aj snapdragon at least harus jauh lebih aman banding mtkdan cari internal sih biasa abis berat tuh krna internal udah banyak,Positif
"Redmi Note 11S Siap Meluncur, Kamera Utama 108 MP, Pakai ProsesorÂ Apa? https://t.co/wDu0mi4x9g",redmi note s siap luncur kamera utama mp pakai prosesor,Positif
"Xiaomi Resmi Kenalkan Redmi Note 11S, Akan Diluncurkan di India https://t.co/YcXDnTk9iS #redminote11 #redminote11s #pocom4",xiaomi resmi kenal redmi note s luncur india redminote redminotes pocom,Netral
"@missvanellope Tergantung kebutuhan sih, kalau mau performa (chipset), fast charging redmi note 10 pro, kalau mau gambar lebih jelas (layar hp), kamera depan lebih bagus, kamera belakang juga better walau megapixelnya lebih kecil, ui enak nggak beriklan, ambil samsung aja.",gantung butuh sih kalau mau performa chipset fast charging redmi note pro kalau mau gambar lebih jelas layar hp kamera depan lebih bagus kamera belakang better megapixelnya lebih kecil ui enak iklan ambil samsung aja,Positif
"Xiaomi Resmi Kenalkan Redmi Note 11S, Akan Diluncurkan di India  https://t.co/4pzQkCK13J",xiaomi resmi kenal redmi note s luncur india,Netral
"@MiTVIndia andaikan saja xiomi membagikan hadiah ke para folowers nya..alangkah senang nya ,kita sbgai pengguna setia Redmi..ğŸ¤”ğŸ¤”",andai xiomi bagi hadiah para folowers nya alangkah senang nya sbgai guna setia redmi,Positif
Safu ya Redmi Note 11S matoleo yake yamejitokeza kabla ya kuzinduliwa rasmi  https://t.co/Q6SK786BqV,safu redmi note s matoleo yake yamejitokeza kabla kuzinduliwa rasmi,Netral
Di jual Xiaomi Redmi Note 10 5G 8/128 GB Rp. 2.500.000 pemakaian baru 3 bulan. Minta japri #Xiaomi #Redmi https://t.co/Xe152XuB5c,jual xiaomi redmi note g gb rp pakai baru bulan minta japri xiaomi redmi,Positif
"@Dreymwangi Hapa itabidi nichangamke, phone zone nitauziwa redmi 10 4gb,64 gb?",hapa itabidi nichangamke phone zone nitauziwa redmi gb gb,Netral
"@diekeangelica abang gw pake Redmi Note 2 dari 2016 ampe 2021, buat hape kedua doang sih, semenjak udah ga kuat ngapa2in, akhirnya ganti ke limbah jepun.",abang gw pake redmi note ampe buat hape dua doang sih semenjak udah ga kuat ngapain akhir ganti limbah jepun,Positif
"@XiaomiIndonesia Resolusi tahun 2022, ingin membahagiakan kedua orang tua,bersungguh sungguh belajar, meraih sesuatu yang diinginkan, dapat sesuatu yang diinginkan yaitu Redmi 9.Semoga#NewYearNewMi",resolusi tahun bahagia dua orang tua sungguh sungguh ajar raih ingin sesuatu yang ingin redmi moga newyearnewmi,Positif
Redmi Note 8 Nominuss Muluss Kel Hp+Dus Fokus Mahar Aja https://t.co/bAgEEDMnW2,redmi note nominuss muluss kel hp dus fokus mahar aja,Netral
"Notes Samsung keren banget anjrit, tapi gw udah ganti ke RedmiğŸ˜­ Redmi notes ya simple banget ga asik",notes samsung keren banget anjrit gw udah ganti redmi redmi notes simple banget ga asik,Positif
@TechmenID di gw (redmi note 8 pro) pas check sertifikat vaksin pasti forced closed,gw redmi note pro pas check sertifikat vaksin forced closed,Negatif
@ApkaApnaLekhak Tere jaise ki aukaad mera driver banane ki hai nahi â€¦bs yahan type krle jo krna hai 10k ka redmi se,tere jaise ki aukaad mera driver banane ki hai nahi bs yahan type krle jo krna hai k ka redmi se,Netral
@kostanalter poco bagus sih terus redmi 9 ketas bagus sihh,poco bagus sih terus redmi tas bagus sihh,Positif
Bes kata kalian mending redmi 10s atau yg 5g ya? Apa di indo udah support 5g? Mending siapin 5g darisekarang atau engga?,bes kata kalian mending redmi s yg g apa indo udah support g mending siapin g darisekarang engga,Netral
@XiaomiIndonesia  Kl mau betulin tampilan kamera yang g bisa di rotate di redmi 9c apa perlu waktu lama?,kl mau betulin tampil kamera g rotate di redmi c perlu waktu lama,Negatif
Temukan Xiaomi Redmi TV Soundbar Wireless Bluetooth Xiaomi Home Theater Redmi TV Speaker Portable Sound Bar dengan potongan 40%! Hanya Rp419.000. Dapatkan segera di Shopee! https://t.co/72STcXMaON #ShopeeID https://t.co/AbOHKQEBhC,temu xiaomi redmi tv soundbar wireless bluetooth xiaomi home theater redmi tv speaker portable sound bar potong rp dapat segera shopee shopeeid,Positif
"@XiaomiIndonesia Resolusi2022Selalu sabar dengan Hal apapun itu baik maupun buruknya, Allah Swt sayang sama orang yg sabar, seperti saya yg sudah sabar menunggu rilisnya redmi not 11 pro yg tak kunjung di rilis di indonesiağŸ‡®ğŸ‡© semoga cepet rilis di Indonesia redmi not 11 proğŸ™#NewYearNewMi",resolusiselalu sabar hal apa baik maupun buruk allah swt sayang sama orang sabar saya sudah sabar tunggu rilis redmi not pro tak kunjung rilis indonesia moga cepet rilis indonesia redmi not pro newyearnewmi,Positif
Harga Xiaomi Redmi Note 10 5G di Indonesia https://t.co/jm6FxpGjyv,harga xiaomi redmi note g indonesia,Netral
Redmi Note 11S Mungkin Dilengkapi Kamera 108MP â€“ Pelancaran Tidak LamaÂ Lagi https://t.co/uUtle5ZV2G,redmi note s mungkin lengkap kamera mp pelancar lama,Positif
@oxomartID kak mau nanyaa. redmi 9 adaa?,kak mau nanyaa redmi adaa,Netral
"Xiaomi Redmi Note 8 Pro 6 GB 64 GB, 64 MP AI Quad-Kamera, 4500 mAh Akku, 20 MP Frontkamera, Dual-SIM, 64 MP AI Quad-Kamera, 6,53â€³Vollbild-Display, EU-VersionÂ Orange https://t.co/XEYm9ORuq8",xiaomi redmi note pro gb gb mp ai quad kamera mah akku mp frontkamera dual sim mp ai quad kamera vollbild display eu version orange,Positif
"@caramelforyou00 Redmi note 9 pro, iya gak?",redmi note pro iya gak,Netral
@IdeaCareGuires Redmi 9pro se SIM Activation nahi ho raha haiSmart connect ke new update ke baad mera mobile saport nahi kar raha hai main kafi dino se SIM Activation nahi kar pa raha houn meharbani kr ke update ko sudhariye sir,redmi pro se sim activation nahi ho raha haismart connect new update baad mera mobile saport nahi kar raha hai main kafi dino se sim activation nahi kar pa raha houn meharbani kr update ko sudhariye sir,Positif
@ideacare4 Redmi 9pro se SIM Activation nahi ho raha haiSmart connect ke new update ke baad mera mobile saport nahi kar raha hai main kafi dino se SIM Activation nahi kar pa raha houn meharbani kr ke update ko sudhariye sir,redmi pro se sim activation nahi ho raha haismart connect new update baad mera mobile saport nahi kar raha hai main kafi dino se sim activation nahi kar pa raha houn meharbani kr update ko sudhariye sir,Positif
@IDEACareers Redmi 9pro se SIM Activation nahi ho raha haiSmart connect ke new update ke baad mera mobile saport nahi kar raha hai main kafi dino se SIM Activation nahi kar pa raha houn meharbani kr ke update ko sudhariye sir,redmi pro se sim activation nahi ho raha haismart connect new update baad mera mobile saport nahi kar raha hai main kafi dino se sim activation nahi kar pa raha houn meharbani kr update ko sudhariye sir,Positif
Ini bocoran Redmi Note 11S yang akan meluncur https://t.co/CQfCMoSuAA,bocor redmi note s akan luncur,Netral
@XiaomiIndonesia Resolusi di tahun 2022 ini pengen banget mempunyai smartphone Redmi 9 gratis dari @XiaomiIndonesia  ini supaya saya dapat mengikuti kegiatan ataupun ujian online di masa kuliah saya.. #NewYearNewMi,resolusi tahun ken banget punya smartphone redmi gratis ini ikut giat atau uji online masa kuliah saya newyearnewmi,Positif
@convomfs mungkin database wa(?) soalnya aku lumayan sering hapusin database wa dan lumayan sih. hpku jg redmi,mungkin database wa soal aku lumayan sering hapusin database wa lumayan sih hpku jg redmi,Positif
"@onoffonffsss redmi apa ya, lenovo mungkin??",redmi ya lenovo mungkin,Netral
@tanyakanrl kalo hape redmi gimana cara liatnya,kalo hape redmi gimana cara liat,Netral
@XiaomiIndonesia Hi mind baru beli redmi note 10 layar bermasalah ad solusinya? https://t.co/nXcWQ9ODNM,hi mind baru beli redmi note layar masalah ad solusi,Positif
"Xiaomi Redmi s2Ram 3/32Layar mulusBody 70%Minus : wifi/hospot (off)Selebihnya normal no kendalaPrice : https://t.co/K3uZekla26,- nego tipis#hpmurah #hpsecond https://t.co/r6nviskS2S",xiaomi redmi sram layar mulusbody minus wifi hospot off lebih normal no kendalaprice nego tipis hpmurah hpsecond,Positif
"@subschfess Minimal 64GB, apalagi kalau nggak pake SD Card. Soalnya app skrg banyak yg nggak bisa dipindah ke SD Card, maunya di internal, bakal makan banyak storage. Saran hp, bisa cek keluarga Xiaomi (Mi, Redmi, Poco, etc) atau Infinix (kalau nggak terlalu mentingin kecanggihan kamera).",minimal gb kalau pake sd card soal app skrg banyak pindah sd card mau internal bakal makan banyak storage saran hp cek keluarga xiaomi mi redmi poco etc infinix kalau nggak terlalu mentingin canggih kamera,Positif
Saya menjual REDMI 10 4/64 GARA... seharga Rp2.149.999. Dapatkan di Shopee sekarang! https://t.co/q5Xxp2dvLW #ShopeeID https://t.co/DBItkrFhLL,jual redmi gara harga rp dapat shopee sekarang shopeeid,Netral
@bppfess Kalau dari xiaomi bisa pilih redmi note 10s.Kalau dari samsung bisa pilih a22 4G.Budget 2-3jt,kalau xiaomi pilih redmi note s kalau samsung pilih a g budget jt,Netral
Cah hp ku kalo dibuat nonton video tiba-tiba reboot sendiri. Ada yg tau ini kenapa? Btw hp ku redmi note 8 ğŸ™ nuhunn,cah hp ku kalo buat nonton video tiba tiba reboot sendiri yg tau kenapa btw hp ku redmi note nuhunn,Netral
Jadi kangen hp redmi yg kalau dibuat selfie/pap pasti bagus :'(,jadi kangen hp redmi kalau buat selfie pap bagus,Positif
CASING SOFTCASE SQUARE EDGE XIAOMI REDMI 4A 3 4X NOTE 5A 6A 7 8 5 9Harga mulai 8-9rban ğŸ˜Link shoppe : https://t.co/gv6skFh0MTAtau bisa langsung DM aja ya ğŸ˜ğŸ™https://t.co/hnIstNiCvb,casing softcase square edge xiaomi redmi a x note a a harga mulai rban link shoppe langsung dm aja,Positif
Kenapa xiaomi redmi note 8 pro ga bisa instal netflix sih ğŸ¥² mau nonton our beloved summer ğŸ¥²,xiaomi redmi note pro ga instal netflix sih mau nonton our beloved summer,Positif
@tanyakanrl Pasti abis liat video David di sini kan. Aku beli redmi 10 wkwkwk,abis liat video david sini kan aku beli redmi wkwkwk,Positif
ğŸ’š yang pake hp infinix boleh minta reviewnya gak? Galau mau beli infinix hot 11s atau redmi 10 :(,pake hp infinix minta reviewnya gak galau mau beli infinix hot s redmi,Positif
Redmi Note 8 megandalkan RAM hingga 6 GB dan memori internal 128 GB yang bisa ditambah dengan memori eksternal hingga 256 GB.,redmi note megandalkan ram hingga gb memori internal gb bisa tambah memori eksternal hingga gb,Netral
48% off &gt;&gt; $1199.99 &gt;&gt; Xiaomi Redmi G 2021 Gaming Laptop Banggood Coupon Code [i5-11260H RTX3050 16+512GB] https://t.co/zJ24PWdmXV,off gt gt gt gt xiaomi redmi g gaming laptop banggood coupon code i h rtx gb,Netral
"ğŸ’š ini redmi ngapa ya? Gw make note 8.. storage nya nambah mulu masa.. padahal udah hapus2 in vid, data2 and gak download app.. and gak update hp dan app nya.. kemarin 6 hari lalu  kepake 110gb.. masa sekarang 116gb.. https://t.co/iYGaBc2hxu",redmi ngapa gw make note storage nya nambah mulu masa padahal udah hapus in vid data and gak download app and gak update hp app nya kemarin hari lalu kepake gb masa sekarang gb,Netral
@trazogazi Redmi 7 4000mAh kak ğŸ˜†ğŸ‘,redmi mah kak,Netral
"Xiaomi redmi 7, 2300mah, seharian aman https://t.co/20tzc7MJBb",xiaomi redmi mah hari aman,Positif
TES GAMING DAN KAMERA!! XIAOMI REDMI NOTE 10 INDONESIA - JANGAN RAGU!! https://t.co/SW5LMTEGqH https://t.co/QX8xGju6Ia,tes gaming kamera xiaomi redmi note indonesia jangan ragu,Netral
@tanyakanrl Apa daya yg redmi 4a in 2022 haha,daya redmi a in haha,Positif
"@SaintNorSinn3r Kalau value per money aku pakai Redmi Buds 3 Pro, ANC ENC sama Transparent Mode buat amplify suara luar jadi aman untuk pakai lg di jalan. Baterai nya jg lumayan gede. Gimmicknya bisa pakai wireless charging. Di harga 700rb.Kalau dari review yg terbaik Sony WF-1000XM4 https://t.co/UQ77x7hJHr",kalau value per money aku pakai redmi buds pro anc enc sama transparent mode buat amplify suara luar jadi aman pakai lg jalan baterai nya jg lumayan gede gimmicknya pakai wireless charging harga rb kalau review baik sony wf xm,Positif
@kris_tannnn Twiter for iphone i asline pamer terselubung bgst. User android cabang redmi kon sadar diriii wkwk,tannnn twiter for iphone i asline pamer selubung bgst user android cabang redmi kon sadar diriii wkwk,Positif
@nggadoyansayur Apakah redmi note 5 pro bisa juga?:(,redmi note pro juga,Netral
