@XiaomiIndia Bhai xiaomi 11i ka camera over sharpness hai isse accha to redmi ke 10 se 15 hajar ke phone me aa raha hai plese ise fix karo https://t.co/JhH66lmwoT,bhai xiaomi i ka camera over sharpness hai isse accha to redmi se hajar phone me aa raha hai plese ise fix karo,Netral
"Tidak main-main, Xiaomi sudah menyiapkan 12 HP baru yang akan diluncurkan tahun ini. Mulai dari Redmi K50 sampai Redmi Note 12, intip bocorannya di sini:  https://t.co/oGCprrkyJb",main main xiaomi siap hp baru akan luncur tahun mulai redmi k redmi note intip bocor sini,Positif
"Tidak main-main, Xiaomi sudah menyiapkan 12 HP baru yang akan diluncurkan tahun ini. Mulai dari Redmi K50 sampai Redmi Note 12, intip bocorannya di sini. https://t.co/jDngtOqMbK",main main xiaomi siap hp baru akan luncur tahun mulai redmi k redmi note intip bocor sini,Positif
"TKDN Xiaomi Redmi Note 11S Terungkap, Bakal Segera Masuk ke Indonesia?https://t.co/ltyaZsaEOi https://t.co/4re4a66XgU",tkdn xiaomi redmi note s ungkap bakal segera masuk indonesia,Netral
"@SUNDA_FESS Tungguan xiaomi redmi note 11 nu ayeuna, tapi mun hayang mah redmi note 10 nu ram na 8gb memory na 128gb hargana 2,8jt, tergantung 2 jutaan teh 2 juta pas atau 2 juta leuwih sing jelas lahh",fess tunggu xiaomi redmi note nu ayeuna mun hayang mah redmi note nu ram na gb memory na gb hargana jt gantung juta teh juta pas juta leuwih sing jelas lahh,Negatif
"@witheredxx @ShopeeID makanya beli xiaomi bang, 3jt nambah dikit udah dapat redmi note 10s pro, barang mulus no minus...minat inbox https://t.co/5oAxo537BO",makanya beli xiaomi bang jt nambah dikit udah redmi note s pro barang mulus no minus minat inbox,Positif
Xiaomi dikabarkan bakal meluncurkan seri Redmi Note 11 di pasar global. Perangkat ini dijadwalkan meluncur pada Rabu (26/1) besok.Â  https://t.co/oY3nz0g0RV,xiaomi kabar bakal luncur seri redmi note pasar global perangkat jadwal luncur rabu besok,Netral
"Hari ini mulai jam 00.00 WIB, ada promo flash sale RedmiBook 15 versi 512GB di Lazada!Mulai dari Rp7,799,000 kamu bisa mendapatkan notebook dengan fitur komplit yang akan menunjang segala produktivitasmu! Langsung aja dapatkan di sini: https://t.co/jlVvIW1DnE#GakCumaHape https://t.co/ZQq4KIDNJ2",hari mulai jam wib promo flash sale redmibook versi gb lazada mulai rp kamu dapat notebook fitur komplit akan tunjang segala produktivitas langsung aja dapat sini,Positif
"@everyone_haters @bulukakimarkli Lebih murah banget banget, di desaku uang 2.2 mana bisa dapet hp xiaomi redmi 9T",haters lebih murah banget banget desa uang mana dapet hp xiaomi redmi t,Positif
"@XiaomiIndonesia resolusi tahun 2022, pengen punya asuransi jiwa min, dan tentunya lebih produktif, lebih sehat aamiin. btw Hp yg skrg aku pke  Xiaomi redmi 9 jg, hasil fotonya OK. makanya kalau nanti dapet yg skrg mau buat adik. #NewYearNewMi https://t.co/bKLgH5LqbV",resolusi tahun ken punya asuransi jiwa min tentu lebih produktif lebih sehat aamiin btw hp skrg aku pke xiaomi redmi jg hasil foto makanya kalau dapet skrg mau buat adik newyearnewmi,Positif
"@convomf aku pake xiaomi redmi note 13. suka banget tampilan hp nya, baterainya juga tahan lama, kalo charger juga cepet banget, penyimpanannya besar belum lagi kalo ditambah memori, jaringannya udah 5G, kameranya bagus bagi aku yang jarang foto dan minusnya nanti dicari ğŸ‘ğŸ»",aku pake xiaomi redmi note suka banget tampil hp nya baterai tahan lama kalo charger cepet banget simpan besar lagi kalo tambah memori jaring udah g kamera bagus aku jarang foto minus cari,Positif
Buruan stok menipisBeli Xiaomi 11 T ( 8/256GB ) Gratis Redmi Buds 3 https://t.co/xaFfrVyF5b https://t.co/FUNXPFXt7m,buru stok menipisbeli xiaomi t gb gratis redmi buds,Positif
@convomfs aku dulu pakai xiaomi redmi 3 udah sejak pertama kali rilis,aku dulu pakai xiaomi redmi udah sejak pertama kali rilis,Positif
@baseumum Xiaomi redmi 9t baterai 6000mah ram 6 128gb,xiaomi redmi t baterai mah ram gb,Netral
"ğŸ’š ada yg pake hape xiaomi redmi gak? Jadi tdi sore aku hbis instal pembaruan sistem tpi hbis itu wifi, bluetooth, sm hotspot gbisa di nyalain tuh kenapa ya? Solusinya gimana? Plissss klo menfess ini lewat, yg tau boleh bantu jawab yaağŸ˜­ğŸ™ğŸ»",pake hape xiaomi redmi gak jadi tdi sore aku hbis instal baru sistem tpi hbis wifi bluetooth sm hotspot gbisa nyalain tuh ya solusi gimana plissss klo menfess lewat yg tau bantu jawab yaa,Netral
Jaman dulu kalaaa.... Ini pake xiaomi redmi 7 ğŸ˜¶ğŸ¤™ğŸ» https://t.co/xvWtqVDQcv,jaman dulu kalaaa pake xiaomi redmi,Netral
"@convomf oppo A71 (cantik banget waktu foto itu, pengambilan gambar tepat sebelum waktu maghrib (apasih gue)), xiaomi redmi 5A, luna G58 https://t.co/OLtgIuSyQj",oppo a cantik banget waktu foto ambil gambar tepat waktu maghrib apasih gue xiaomi redmi a luna g,Positif
Resolusi tahun ini semoga bisa upgrade xiaomi Redmi 3s yang udah 6 tahun dipake ini ke Xiaomi Redmi 9. Aamiin #NewYearNewMi https://t.co/XsNMTVOewl,resolusi tahun moga upgrade xiaomi redmi s udah tahun dipake ke xiaomi redmi aamiin newyearnewmi,Netral
@convomf yang tulisan di buku itu di zoom. hp nya xiaomi redmi note 10 pro https://t.co/8aiNRagceR,tulis buku di zoom hp nya xiaomi redmi note pro,Netral
Saya menjual XIAOMI REDMI 10 RA... seharga Rp2.250.000. Dapatkan di Shopee sekarang! https://t.co/m57QtG6FRD #ShopeeID https://t.co/ywKwfBB9fV,jual xiaomi redmi ra harga rp dapat shopee sekarang shopeeid,Netral
@tanyakanrl Ada yg hapenya xiaomi redmi gak? Aku mau tanya2ğŸ™ğŸ»,yg hapenya xiaomi redmi gak aku mau tanya,Netral
"@convomf Xiaomi redmi note 10 pro atau redmi note 10 s. Harga dari 3-4 juta, kalau ada uang 4juta, ambil redmi note 10 pro. Worth it lah https://t.co/kFNa3yTVUp",xiaomi redmi note pro redmi note s harga juta kalau uang juta ambil redmi note pro worth it lah,Positif
@convomf Xiaomi redmi 5Pas nungguin temen yg lagi ngambil dompet dikelas ğŸ¤“ https://t.co/yRcDcG2vr8,xiaomi redmi pas nungguin temen lagi ngambil dompet kelas,Positif
@XiaomiIndonesia Tahun 2022 semoga kesampaian punya Xiaomi Redmi yang paling mahal #NewYearNewMi @XiaomiIndonesia,tahun moga sampai punya xiaomi redmi paling mahal newyearnewmi,Positif
Cek CASING SOFTCASE SQUARE EDGE XIAOMI REDMI 4A 3 4X NOTE 5A 6A 7 8 5 9 dengan harga Rp8.500. Dapatkan di Shopee sekarang! https://t.co/vkvRJnOvvS https://t.co/nm7gjBmDLf,cek casing softcase square edge xiaomi redmi a x note a a harga rp dapat shopee sekarang,Netral
"@mojokdotco Masih bertahan dgn Xiaomi Redmi 4A pemberian orang tua. Selama masih bisa untuk saling tukar kabar dan googling, bagiku no problem.",tahan dgn xiaomi redmi a beri orang tua lama bisa saling tukar kabar googling bagi no problem,Positif
@convomf Xiaomi redmi note 5a heueheuehu agak blur gtu ksall https://t.co/XX9wtyIxWb,xiaomi redmi note a heueheuehu blur gtu ksall,Netral
Intip Bocoran Spesifikasi Xiaomi Redmi Note 11S yang Akan Segera Masuk Indonesia https://t.co/cvsX0TfbNS via @tribunjualbeli,intip bocor spesifikasi xiaomi redmi note s akan segera masuk indonesia via,Netral
Redmi xiaomi sama kan ya? Wkwkwk,redmi xiaomi sama kan wkwkwk,Positif
"@mojokdotco Pake Xiaomi Redmi 5A sedari tahun 2017, alhamdulillah awet sampe sekarang walaupun harus bolak-balik hapusin cache atau berkas-berkas yang tidak penting ğŸ˜…",pake xiaomi redmi a dar tahun alhamdulillah awet sampe sekarang walaupun bolak balik hapusin cache berkas berkas tidak penting,Negatif
Satu masa dulu bila cakap pakai phone Redmi/Xiaomi macam pelik sangat je ğŸ˜‚ walhal antara phone dengan performance yang terbaik kalau nak dibanding phone android yang lain.,satu masa dulu bila cakap pakai phone redmi xiaomi macam pelik sangat je walhal phone performance baik kalau nak banding phone android lain,Positif
Beberapa orang kadang harus bertahan dengan hape lawas meskipun hape baru terus bermunculan. Kalian ada yang kayak gini juga? #TerminalMojok https://t.co/d7DLu3LkEp,beberapa orang kadang tahan hape lawas meski hape baru terus muncul kalian yang kayak gin terminalmojok,Positif
@convomf Xiaomi redmi note 8 pro. emang asli nya lagi se merah ini sunset nya https://t.co/Eq47t5oTvn,xiaomi redmi note pro emang asli nya se merah sunset nya,Positif
@convomf Xiaomi redmi 9(Semoga nggak ada temen rl ku yang lihat ğŸ˜­ğŸ˜­ğŸ˜­) https://t.co/ve4zwjZ1mB,xiaomi redmi moga ada temen rl ku lihat,Netral
Temukan Xiaomi Redmi Note 10s NFC 6GB+64GB - 8GB+128GB Garansi Resmi Xiaomi indonesia dengan potongan 11%! Hanya Rp2.684.000 - Rp3.065.000. Dapatkan segera di Shopee! https://t.co/Wp1YBzVjTV #ShopeeID https://t.co/mGGYTX8IXN,temu xiaomi redmi note s nfc gb gb gb gb garansi resmi xiaomi indonesia potong rp rp dapat segera shopee shopeeid,Netral
"@bdngfess Oke di save, adit hp xiaomi redmi note 6 pro beli 2018 ram 4gb, mulus no minus, minat? Dm",oke save adit hp xiaomi redmi note pro beli ram gb mulus no minus minat dm,Positif
"@XiaomiIndonesia pengen punya asuransi jiwa min, lebih produktif, dan  lebih sehat aamiin. btw Hp yg skrg aku pke  Xiaomi redmi 9 jg, kalau nanti dapet yg skrg mau buat adik. #NewYearNewMi",ken punya asuransi jiwa min lebih produktif lebih sehat aamiin btw hp skrg aku pke xiaomi redmi jg kalau dapet skrg mau buat adik newyearnewmi,Positif
"@XiaomiIndonesia resolusi tahun 2022, pengen punya asuransi jiwa min, dan tentunya lebih produktif, lebih sehat aamiin. btw Hp yg skrg aku pke  Xiaomi redmi 9 jg, hasil fotonya OK. makanya kalau nanti dapet yg skrg mau buat adik. #NewYearNewMi",resolusi tahun ken punya asuransi jiwa min tentu lebih produktif lebih sehat aamiin btw hp skrg aku pke xiaomi redmi jg hasil foto makanya kalau dapet skrg mau buat adik newyearnewmi,Positif
Intip Bocoran Spesifikasi Xiaomi Redmi Note 11S yang Akan Segera Masuk Indonesia https://t.co/FEw9ZDItrv lewat @tribunjualbeli,intip bocor spesifikasi xiaomi redmi note s akan segera masuk indonesia lewat,Netral
"@XiaomiIndonesia Resolusi tahun 2022, punya laptop baru yang memadai untuk editing, punya handphone baru yang kuat juga untuk editing dan kamera yang cukup untuk memotret karena sekarang cuma pakai Xiaomi Redmi 5A, dan bisa rayakan ulang tahun di Manado ğŸ˜. #NewYearNewMi",resolusi tahun punya laptop baru pada editing punya handphone baru kuat editing kamera cukup untuk potret sekarang cuma pakai xiaomi redmi a bisa raya ulang tahun manado newyearnewmi,Positif
"Tahun segitu pertama kali juga tau kalo ada smartphone merk Infinix, Meizu sama Xiaomi. Demi beli hp Xiaomi study tour cuma buang duit Â±300k karena sisanya buat TT hp galyoung ke Redmi 1S. Sekarang nyesel karena ga punya kenang-kenangan dari Bali ğŸ˜‚",tahun segitu pertama kali tau kalo smartphone merk infinix meizu sama xiaomi beli hp xiaomi study tour cuma buang duit k sisa buat tt hp galyoung redmi s sekarang nyesel ga punya kenang kenang bal,Positif
"@XiaomiIndonesia Resolusinya semoga hal yang dicita-citakan bisa tercapai, semoga tahun baru ini membuka semangat baru dan lebih baik dari tahun sebelumnya. Pas sekali kemarin hp xiaomi redmi note 8 ku rusak huhu semoga kali ini bisa dapet, mana udah di fonis ganti semua lagi huhu #NewYearNewMi",resolusi moga yang cita cita capai moga tahun baru buka semangat baru lebih baik tahun belum pas sekali kemarin hp xiaomi redmi note ku rusak huhu moga kali bisa dapet mana udah fonis ganti semua huhu newyearnewmi,Positif
"@XiaomiIndonesia Pengen lebih berkembang lagi dari yang sekarang dan yg pasti pengen keluar dari zona nyaman. Dan sesuai hestag, sebisa mungkin mau ganti hp redmi note 4 yg lcdnya udh setengah item ke Xiaomi lainnya pas ulang tahun ğŸ˜‚ğŸ˜‚#NewYearNewMi",ken lebih kembang sekarang ken keluar dari zona nyaman sesuai hestag bisa mungkin mau ganti hp redmi note yg lcdnya udh tengah item xiaomi lain pas ulang tahun newyearnewmi,Positif
"Iya, hp aku cuma xiaomi redmi note 5, udah jadul banget gak si? Kemaren-kemaren mau ganti batre ke service center nya aja gak semuanya ada batre tipe hp ku (udah coba ke beberapa service center).Malu? Ngapain ğŸ˜… kan bergaya sesuai isi dompet.",iya hp aku cuma xiaomi redmi note udah jadul banget gak si kemaren kemaren mau ganti batre service center nya aja gak semua batre tipe hp ku udah coba beberapa service center malu ngapain kan gaya sesuai isi dompet,Positif
"@fiyybby_ Redmi Note 10s.VIVO Y53s.OPPO Reno6.Samsung Galaxy A32 5G.Realme 8.Xiaomi Redmi Note 10 Pro.Poco F3.Samsung Galaxy A52.Ini, banyak lagi sih",redmi note s vivo ys oppo reno samsung galaxy a g realme xiaomi redmi note pro poco f samsung galaxy a banyak sih,Netral
@Askrlfess gue jg masih bertahan make xiaomi redmi note 4 beli thn 2017 wkwkwk,gue jg tahan make xiaomi redmi note beli thn wkwkwk,Netral
"@Askrlfess gue masih make hp xiaomi redmi 5 16gb, ram 2gb :)",gue make hp xiaomi redmi gb ram gb,Netral
"@nisapastimenang @GAHunterFess Soalnya temenku wa nya sering terblokir dan iklan sering masuk terutama iklan tarot sudah ganti email,nomer dan reset pabrik tetep aja.... Dan dia bukan redmi atau Xiaomi... Jadi kayak dari hpnya... Imeinya ketembak......",soal temenku wa nya sering blokir iklan sering masuk utama iklan tarot ganti email nomer reset pabrik tetep aja dia bukan redmi xiaomi jadi kayak hpnya imeinya tembak,Netral
"@GAHunterFess Hp mu Xiaomi/redmi kah? Kalo iya emang gitu nder, bawaan, ada cara settingnya coba liat youtube ajaa aku lupa",hp mu xiaomi redmi kalo iya emang gitu nder bawa cara settingnya coba liat youtube ajaa aku lupa,Netral
@NoJustDoNot @berbequeen @karirfess Bantu jawab nder...Xiaomi Redmi Note 7Pengaturan-Aplikasi-Kelola Aplikasi-(cari) WhatsApp-Penggunaan Data- Lihat setelah apl (trus non aktif kan semua),bantu jawab nder xiaomi redmi note atur aplikasi kelola aplikasi cari whatsapp guna data lihat apl trus non aktif kan semua,Positif
